Molecular Weight,smiles,Standard Relation,Standard Value,Standard Units,normalized_value_uM,y
270.2,CN1C[C@H]2CCC[C@@]2(c2ccc(Cl)c(Cl)c2)C1,'=',34.0,ng/g,0.00012583271650629162,0
395.52,CCC1(CCCCN2CCN(c3ccc(F)cc3)CC2)C(=O)Nc2ccccc21,'=',364.0,nM,0.364,0
505.66,CC(C)S(=O)(=O)N(C)c1cc(C(=O)N[C@@H](Cc2ccccc2)[C@@H](N)CF)cc(NC[C@H]2C[C@@H]2C)n1,'=',1.9,uM,1.9,0
495.48,CC(C)(C)c1cccc(CN[C@H]2CS(=O)(=O)C[C@@H](Cc3ccc(N)c(Br)c3)[C@@H]2O)c1,'=',1.92,nmol/g,0.0019199999999999998,0
532.6,CC(C)(C)c1cccc(CN[C@H]2CS(=O)(=O)C[C@@H](Cc3cc(F)c(N)c(OCC(F)(F)F)c3)[C@@H]2O)c1,'=',0.11,nmol/g,0.00011,0
383.92,O=C1Nc2ccccc2C1CCCCN1CCN(c2cccc(Cl)c2)CC1,'=',216.0,nM,0.216,0
206.28,CC(C)Cc1ccc([C@H](C)C(=O)O)cc1,'=',250.88,ng/g,0.001216210975373279,0
206.28,CC(C)Cc1ccc([C@H](C)C(=O)O)cc1,'=',41.47,ng/g,0.00020103742485941438,0
345.47,CC(C)Oc1cccc(-c2cnc(N3CCC(C(N)=O)CC3)s2)c1,'=',0.31,umol/Kg,0.00031,0
345.47,CC(C)Oc1cccc(-c2cnc(N3CCC(C(N)=O)CC3)s2)c1,'=',0.23,umol/Kg,0.00023,0
475.87,CC(C)CNS(=O)(=O)[C@@H]1CC[C@@H](c2ccc(Cl)cc2Cl)N(c2ccc(Cl)cc2)C1,'=',0.0,ng/g,0.0,0
610.6,CN(CC(=O)N(Cc1ccc(C2CCCCC2)cc1)c1ccc(C(=O)O)cc1)S(=O)(=O)c1c(F)c(F)c(F)c(F)c1F,'=',313.0,nM,0.313,0
573.93,CCN(CCCn1ccnc1)C(=O)OC[C@@H](C)N(c1cc(Cl)ccc1Cl)S(=O)(=O)c1ccc(Cl)cc1,'=',41171.0,nM,41.171,1
548.64,[2H]C([2H])(N[C@H]1C[S@+]([O-])C[C@@H](Cc2cc(F)c(N)c(O[C@H](COC)C(F)(F)F)c2)[C@@H]1O)c1cccc(C(C)C)c1,'=',0.3,nmol/g,0.0003,0
562.67,[2H]C([2H])(N[C@H]1C[S@+]([O-])C[C@@H](Cc2cc(F)c(N)c(O[C@H](COC)C(F)(F)F)c2)[C@@H]1O)c1cccc(C(C)(C)C)c1,'=',0.1,nmol/g,0.0001,0
418.97,CCN1CCN(c2cc3[nH]c(C(=O)[C@]4(C)CC[C@@](C)(O)CC4)nc3cc2Cl)CC1,'=',2.21,nmol/g,0.00221,0
396.53,COc1ccc(C2CN(C)Cc3cc(OCCCN4CCOCC4)ccc32)cc1,'<',1.0,uM,1.0,0
465.59,CC(C)(C)Oc1ccc(OCC2Cc3ccccc3CN2C(=O)c2cccc3ccccc23)cc1,'=',1.5,uM,1.5,0
382.39,CN1C(=O)[C@]2(N=C1N)c1cc(-c3cccnc3F)ccc1O[C@H]1CCCO[C@@H]12,'=',1.7,nM,0.0017,0
322.71,CNC(C)C1(c2ccc(Cl)c(Cl)c2)CCCCC1.Cl,'=',145.0,ng/g,0.00044931982275107685,0
478.63,CCOc1cc(C[C@@H]2CS(=O)(=O)C[C@H](NCc3cccc(C(C)(C)C)c3)[C@H]2O)cc(F)c1N,'=',3.1,nmol/g,0.0031,0
429.97,CCC1(CCCCN2CCN(c3ccc(Cl)cc3)CC2)C(=O)Nc2cc(F)ccc21,'=',99.0,nM,0.099,0
429.97,CCC1(CCCCN2CCN(c3ccc(Cl)cc3)CC2)C(=O)Nc2cc(F)ccc21,'=',135.0,nM,0.135,0
411.98,CCC1(CCCCN2CCN(c3cccc(Cl)c3)CC2)C(=O)Nc2ccccc21,'=',824.0,nM,0.824,0
446.42,CCC1(CCCCN2CCN(c3ccc(Cl)cc3)CC2)C(=O)Nc2ccc(Cl)cc21,'=',27.0,nM,0.027,0
386.86,C[C@@]1(c2cc(NC(=O)c3ccc(Cl)cn3)ccc2F)CCC2(CC2)C(N)=N1,'=',8.0,ng/g,2.0679315514656465e-05,0
517.09,CNCC(=O)N[C@H](c1cc(C)ccc1N1CCN(C(=O)[C@H](C)Cc2ccc(Cl)cc2F)CC1)C(C)C,'=',59.0,ng/g,0.00011410005995087895,0
503.06,CNCC(=O)N[C@H](c1cccc(F)c1N1CCN(C(=O)[C@H](C)Cc2ccc(Cl)cc2)CC1)C(C)C,'=',126.0,ng/g,0.0002504671410964895,0
359.43,CCCCn1ccc(-c2ccc(Oc3cccnc3C)cc2)c(C#N)c1=O,'=',294.0,ng/g,0.0008179617728069443,0
530.51,COCCCc1cc(CN(C(=O)[C@H]2CNCC[C@@H]2c2ccn(C)c(=O)c2)C2CC2)cc(Br)c1C,'=',504.0,nM,0.504,0
517.0,C[C@@]1(N)C[C@H](C(=O)N2CCC(c3ccnn3-c3ccc(F)c(Cl)c3)CC2)[C@@H](c2ccc(F)cc2F)C1,'=',51.0,nM,0.051,0
359.43,CCCCn1ccc(-c2ccc(Oc3ccnc(C)c3)cc2)c(C#N)c1=O,'=',1156.0,ng/g,0.0032162034332136992,0
371.83,CN1CC(C)(c2cccc(NC(=O)c3ccc(Cl)cn3)c2)N=C(N)C1=O,'=',157.0,ng/g,0.0004222359680499153,0
371.83,CN1CC(N)=NC(C)(c2cccc(NC(=O)c3ccc(Cl)cn3)c2)C1=O,'=',90.0,ng/g,0.00024204609633434634,0
393.44,CC(=O)Oc1ccccc1C(=O)OC12C3C4CC5C6C4C1C6C1(OCCCN12)C53,'=',59.03,ng/ml,0.00015003558357055714,0
313.4,CC(=O)Oc1ccccc1C(=O)NC12CC3CC(CC(C3)C1)C2,'=',8.58,ng/ml,2.737715379706446e-05,0
455.44,COc1cc(-c2nc3n(n2)CCO[C@H]3c2ccccc2C(F)(F)F)ccc1-n1cnc(C)c1,'=',3.36,uM,3.36,1
453.47,COc1cc(-c2nc3n(n2)CCC[C@H]3c2ccccc2C(F)(F)F)ccc1-n1cnc(C)c1,'=',12.7,uM,12.7,1
417.49,COc1cc(-c2nc3n(n2)CCC[C@H]3c2ccc(F)cc2C)ccc1-n1cnc(C)c1,'=',4.8,uM,4.8,1
446.58,Cc1nc(C(=O)N2CCC[C@@H](C)[C@H]2CNc2nc3ccccc3o2)c(-c2ccccc2)s1,'=',0.9,uM,0.9,0
485.61,Cc1nc(C(=O)N2CC(N)CC[C@H]2CNC(=O)c2cccc3cccnc23)c(-c2ccccc2)s1,'=',1.4,uM,1.4,0
389.82,CN1CC(C)(c2cc(NC(=O)c3ccc(Cl)cn3)ccc2F)N=C(N)C1=O,'=',3342.0,ng/g,0.008573187625057719,0
517.0,C[C@@]1(N)C[C@H](C(=O)N2CCC(c3ccnn3-c3ccc(F)c(Cl)c3)CC2)[C@@H](c2ccc(F)cc2F)C1,'=',142.0,nM,0.142,0
523.47,CN1CCN(CCNC(=O)c2cccc(-n3ncc4cc(Nc5c(Cl)cccc5Cl)ccc43)c2)CC1,'=',0.81,uM,0.81,0
560.65,COC[C@@H](Oc1cc(C[C@@H]2C[S@@+]([O-])C[C@H](NCc3cccc(C(C)(C)C)c3)[C@H]2O)cc(F)c1N)C(F)(F)F,'=',0.7,nmol/g,0.0007,0
369.81,COc1ccc(Oc2cc(Nc3ccccc3C(N)=O)c(Cl)cn2)cc1,'=',1.8,uM,1.8,0
606.71,CCCN(CCC)C(=O)c1cc(C)cc(C(=O)N[C@@H](Cc2cc(F)cc(F)c2)[C@H](O)[C@@H]2NCN(Cc3ccccc3)C2=O)c1,'=',120.0,ng/g,0.00019778807008290618,0
538.6,Cc1nc(C(=O)N2CCC[C@@H](C(F)(F)F)[C@H]2CNC(=O)c2cccc3cccnc23)c(-c2ccccc2)s1,'=',7.8,uM,7.8,1
477.63,COc1cccc(C(=O)NC[C@@H]2[C@H](C)CCCN2C(=O)c2nc(C)sc2-c2ccccc2)c1C,'=',10.1,uM,10.1,1
462.03,Cl.O=c1n(C(CO)CO)c2ccccc2n1C1CCN(C[C@H]2[C@H]3CC[C@H](C3)C23CC3)CC1,'=',0.43,nmol/g,0.00043,0
375.52,Cc1nc(SCc2cc(N3CCOCC3)cc(NCC#N)n2)sc1C,'=',0.9,nmol/g,0.0009,0
537.51,CNCC(=O)N[C@H](c1cccc(F)c1N1CCN(C(=O)[C@H](C)Cc2ccc(Cl)cc2Cl)CC1)C(C)C,'=',85.0,ng/g,0.00015813659280757567,0
545.55,CC(C)[C@H](NC(=O)C1CN(C)C1)c1cc(Cl)ccc1N1CCN(C(=O)[C@H](C)Cc2ccc(Cl)cc2)CC1,'=',77.0,ng/g,0.00014114196682247273,0
560.65,COC[C@@H](Oc1cc(C[C@@H]2C[S@@+]([O-])C[C@H](NCc3cccc(C(C)(C)C)c3)[C@H]2O)cc(F)c1N)C(F)(F)F,'=',0.8,nmol/g,0.0008,0
320.37,C[C@@]1(c2cc(-c3cncnc3)c(F)cc2F)CCSC(N)=N1,'=',12.12,ug/g,0.0378312576083903,0
600.6,CC(C)(C)c1cccc(CN[C@H]2CS(=O)(=O)C[C@@H](Cc3cc(F)c(N)c(OC(C(F)(F)F)C(F)(F)F)c3)[C@@H]2O)c1,'=',0.23,nmol/g,0.00023,0
313.87,COc1ccc(C(CN(C)C)C2(O)CCCCC2)cc1.Cl,'=',828.0,ng/g,0.002638034855194826,0
346.39,CC(C)NC(=O)c1nn(-c2ccc(F)cc2)c(=O)c2c(N)scc12,'=',280.0,ng/g,0.0008083374231357719,0
489.58,COc1cc([C@H]2CCN(CCO)C[C@@H]2O)ccc1Nc1ncc2ccc(-c3ccccc3OC)n2n1,'=',2669.0,ng/g,0.005451611585440582,0
430.52,COC(=O)N(CCO[C@H]1CNC[C@H]1Cc1cc(C)cc(N)n1)CCc1cccc(F)c1,'=',18.0,nM,0.018,0
545.49,Cc1c(P(=S)(c2ccccc2)c2ccccc2)n2ccccc2[n+]1C/C=C/c1ccccc1.[Br-],'=',53.0,nmol/g,0.053,0
545.49,Cc1c(P(=S)(c2ccccc2)c2ccccc2)n2ccccc2[n+]1C/C=C/c1ccccc1.[Br-],'=',52.0,nmol/g,0.052,0
398.98,CC(C)[C@H](NC(=O)CCN1CCC(c2ccccc2)CC1)c1ccc(Cl)cc1,'=',1197.0,nM,1.197,0
325.14,Fc1cccc(F)c1-c1cnc(Cl)n1-c1ccc(Cl)cc1,'=',900.0,nM,0.9,0
403.84,CC(C)COc1ccc(Cl)cc1-c1ccccc1-c1cccc(C(=O)[O-])n1.[Na+],'=',277.0,nM,0.277,0
474.91,FC(F)(F)Oc1ccc(CN2CCC3(CC2)OC(c2cc(Cl)ccn2)c2ccccc23)cc1,'=',0.03,uM,0.03,0
427.4,O=C(Nc1ccc2sc(-c3ccc(F)c(F)c3)nc2c1)N1CCC(C(F)(F)F)C1,'=',1.97,uM,1.97,0
373.43,O=C(Nc1ccc2sc(-c3ccc(F)c(F)c3)nc2c1)N1CCCCC1,'=',1.29,uM,1.29,0
439.48,Cn1nnc(-c2ccc(Nc3nccc(-c4cc(C#N)cc(N5CCOCC5)c4)n3)cc2)n1,'=',2.8,uM,2.8,1
557.82,CC(C)c1ccc2c(c1)[C@@H](NC[C@@H](O)[C@@H]1C[C@H](C)CCCCCCCCC(=O)N(C)[C@@H](C)C(=O)N1)CC(C)(C)O2,'=',4.7,umol/Kg,0.0047,0
526.04,COc1cc(Cl)ccc1CC(C)C(=O)N1CCN(c2ccc(C(F)(F)F)cc2[C@@H](N)CC(C)C)CC1,'=',735.0,ng/g,0.0013972321496464148,0
515.54,CC(C)(C)CC(c1ccc(CC(=O)O)cc1-c1ccc(C(F)(F)F)cc1)N1CCC(C(F)(F)F)CC1,'=',32.0,uM,32.0,1
541.58,O=C(O)Cc1ccc(C(CC2CCCCC2)N2CCC(C(F)(F)F)CC2)c(-c2ccc(C(F)(F)F)cc2)c1,'=',18.0,uM,18.0,1
519.52,CNCC(=O)N[C@H](c1cc(Cl)ccc1N1CCN(C(=O)[C@H](C)Cc2ccc(Cl)cc2)CC1)C(C)C,'=',131.0,ng/g,0.0002521558361564521,0
545.1,COc1cc(Cl)ccc1C[C@@H](C)C(=O)N1CCN(c2c(F)cccc2[C@@H](NC(=O)C2CNC2)C(C)C)CC1,'=',51.0,ng/g,9.356081452944413e-05,0
533.09,CNCC(=O)N[C@H](c1cccc(F)c1N1CCN(C(=O)[C@H](C)Cc2ccc(Cl)cc2OC)CC1)C(C)C,'=',165.0,ng/g,0.00030951621677390305,0
390.48,COc1ccc(/C=N/OCC(=O)N2CC(C)OC(C)C2)cc1OC1CCCC1,'=',1567.0,ng/g,0.0040130096291743494,0
405.31,Br.CN(C)CCCC1(c2ccc(F)cc2)OCc2cc(C#N)ccc21,'=',361.0,ng/g,0.0008906762724827909,0
614.54,CC(C)C[C@H](N)c1cc(C(F)(F)F)ccc1N1CCN(C(=O)[C@@H](Cc2ccc(Cl)cc2Cl)N2CCNCC2=O)CC1,'=',41.0,ng/g,6.671656849025287e-05,0
421.55,CN1CCN(Cc2ccc(-c3cnc4[nH]cc(-c5ccc6[nH]ccc6c5)c4c3)cc2)CC1,'=',2249.0,ng/g,0.00533507294508362,0
428.4,C[C@H](NC(=O)C(=O)c1cc(F)cc(F)c1)C(=O)NC1C(=O)N(C)N=Cc2ccccc21,'=',280.0,nM,0.28,0
575.53,Cc1cc(C2CCN(C(=O)[C@@H]3CN(C(C)(C)C)C[C@H]3c3ccc(F)cc3F)CC2)n(-c2cc(Cl)ccc2Cl)n1,'=',698.0,nM,0.698,0
484.46,Cc1cn(-c2ccc(-c3cn([C@H]4CCc5c(F)cccc5N(CC(F)(F)F)C4=O)nn3)cc2)cn1,'=',3.5,uM,3.5,1
515.47,COc1cc(-c2cn([C@H]3CCc4c(F)cccc4N(CC(F)(F)F)C3=O)nn2)ccc1-n1cnc(C)n1,'=',4.5,uM,4.5,1
464.08,CCN1CCN(c2cc3[nH]c(S[C@]4(C)CC[C@@H](N(C)C(C)=O)CC4)nc3cc2Cl)CC1,'=',0.38,nmol/g,0.00038,0
386.48,CNC(=O)c1ccccc1Sc1ccc2c(/C=C/c3ccccn3)n[nH]c2c1,'=',0.1,ug/g,0.00025874560132477746,0
386.48,CNC(=O)c1ccccc1Sc1ccc2c(/C=C/c3ccccn3)n[nH]c2c1,'=',0.006,ug/g,1.5524736079486648e-05,0
386.48,CNC(=O)c1ccccc1Sc1ccc2c(/C=C/c3ccccn3)n[nH]c2c1,'=',0.007,ug/g,1.8112192092734425e-05,0
487.73,CC(C)c1cccc(CNC[C@@H](O)[C@@H]2C[C@H](C)CCCCCCCCC(=O)N(C)[C@@H](C)C(=O)N2)c1,'=',4.3,umol/Kg,0.0043,0
424.89,NC(=O)c1ccccc1Nc1nc(Nc2ccc(N3CCOCC3)cc2)ncc1Cl,'=',0.83,uM,0.83,0
411.98,CCC1(CCCCN2CCN(c3ccc(Cl)cc3)CC2)C(=O)Nc2ccccc21,'=',141.0,nM,0.141,0
370.3,C[C@@H]1CN(Cc2ccc(-c3ccc(OC(F)(F)F)cc3F)nc2)C(=O)O1,'=',10090.0,ng/g,0.027248177153659195,0
538.66,CCCN(CC1CC1)c1cc(C(=O)N[C@H](CO)Cc2cc(F)cc(F)c2)cc(N(C)S(=O)(=O)C(C)C)n1,'=',1400.0,nM,1.4,0
382.43,CC1(C)OCCn2c1nc1c(N3CCOCC3)nc(-c3cnc(N)nc3)nc12,'=',4.72,uM,4.72,1
270.2,CN1C[C@H]2CCC[C@@]2(c2ccc(Cl)c(Cl)c2)C1,'=',507.0,ng/g,0.0018763878608438194,0
532.47,COc1c(-c2cn([C@H]3CCc4c(F)cccc4N(CC(F)(F)F)C3=O)nn2)ccc(-n2cnc(C)c2)c1F,'=',8.5,uM,8.5,1
537.51,CNCC(=O)N[C@H](c1cccc(F)c1N1CCN(C(=O)[C@H](C)Cc2ccc(Cl)cc2Cl)CC1)C(C)C,'=',71.0,ng/g,0.00013209056575691616,0
527.15,Cc1ccc(N2CCN(C(=O)[C@H](C)Cc3ccc(Cl)cc3)CC2)c([C@@H](NC(=O)CCN(C)C)C(C)C)c1,'=',0.5,ng/g,9.484966328369534e-07,0
510.66,O=C1N=C(NC2CCCCC2)C2(CCN(Cc3cccc(-c4ccccc4)c3)CC2)N1c1cccc(F)c1,'=',1.7,uM,1.7,0
383.92,O=C1Nc2ccccc2C1CCCCN1CCN(c2cccc(Cl)c2)CC1,'=',827.0,nM,0.827,0
411.98,CCC1(CCCCN2CCN(c3ccc(Cl)cc3)CC2)C(=O)Nc2ccccc21,'=',379.0,nM,0.379,0
429.97,CCC1(CCCCN2CCN(c3ccc(Cl)cc3)CC2)C(=O)Nc2ccc(F)cc21,'=',342.0,nM,0.342,0
439.52,Cc1cccc(C(=O)N[C@H]2C[C@@H](n3cnc(NC(=O)Cc4cccc5ccccc45)c3)C2)n1,'=',383.0,ng/g,0.0008714051692755734,0
493.09,O=S(=O)(N[C@H]1[C@@H]2CC[C@H]1Cc1ccc(/C=C/CN3CCOCC3)cc1C2)c1ccc(Cl)s1,'=',16.7,uM,16.7,1
552.51,Cn1nc(C2CCN(CCC(=O)N3CCC[C@H]3c3nc4cc(Cl)c(Cl)cc4[nH]3)CC2)cc1-c1ccncc1,'=',70.0,nM,0.07,0
263.38,CNCC(c1ccc(OC)cc1)C1(O)CCCCC1,'=',77.0,ng/g,0.00029235325385374746,0
263.38,CNCC(c1ccc(OC)cc1)C1(O)CCCCC1,'=',25.0,ng/g,9.491988761485307e-05,0
390.48,COc1ccc(/C=N/OCC(=O)N2CC(C)OC(C)C2)cc1OC1CCCC1,'=',396.0,ng/g,0.001014136447449293,0
426.46,CC1CN(C(=O)CO/N=C/c2ccc(OC(F)F)c(OC3CCCC3)c2)CC(C)O1,'=',936.0,ng/g,0.0021948131126014164,0
552.51,Cn1nc(C2CCN(CCC(=O)N3CCC[C@H]3c3nc4cc(Cl)c(Cl)cc4[nH]3)CC2)cc1-c1ccncc1,'=',54.0,nM,0.054,0
336.73,CC(N(C)C)C1(c2ccc(Cl)c(Cl)c2)CCCCC1.Cl,'=',114.0,ng/g,0.0003385501737296944,0
432.76,C[C@H](Nc1nc(-c2ccccn2)nc(Cl)c1-c1c(F)cc(F)cc1F)C(F)(F)F,'=',1500.0,nM,1.5,0
526.49,Nc1nc(OC(c2ccc(-c3cccc(F)c3)cc2)C(F)(F)F)cc(-c2ccc(C[C@H](N)C(=O)O)cc2)n1,'=',0.38,nM,0.00038,0
415.49,N#Cc1cccc(COc2ccc3c(c2)CN2C(=O)CN(C4CCCC4)C(=O)[C@H]2C3)c1,'=',6.1,uM,6.1,1
293.41,C/C1=C\CC[C@@]2(C)O[C@H]2[C@H]2OC(=O)[C@@H](CN(C)C)[C@@H]2CC1,'=',6251.0,ng/g,0.02130465900957704,0
507.91,O=C(N1CCC(c2cc(F)ccc2F)(S(=O)(=O)c2ccc(Cl)cc2)CC1)C1(C(F)(F)F)CC1,'=',1.18,uM,1.18,0
393.37,N#Cc1c(-c2ccc(Oc3ccccc3)cc2)ccn2c(CC(F)(F)F)cnc12,'=',1845.0,ng/g,0.004690240740269975,0
393.37,N#Cc1c(-c2ccc(Oc3ccccc3)cc2)ccn2c(CC(F)(F)F)cnc12,'=',221.0,ng/g,0.0005618120344713629,0
393.37,N#Cc1c(-c2ccc(Oc3ccccc3)cc2)ccn2c(CC(F)(F)F)cnc12,'=',1530.0,ng/g,0.003889467930955589,0
424.43,N#Cc1c(-c2ccc3c(ccn3C3CCOCC3)c2)ccn2c(CC(F)(F)F)cnc12,'=',704.0,ng/g,0.0016586951911976063,0
383.88,Cc1cccc(C(=O)N[C@H]2CCC[C@]3(CN=C(c4cccc(Cl)c4)O3)C2)n1,'=',9.0,nM,0.009,0
543.71,Cc1cc2cc(n1)OCCCCOc1cccc(c1)C[C@@H]([C@H](O)CNC1(c3cccc(C(C)C)c3)CC1)NC2=O,'=',0.32,uM,0.32,0
335.41,c1ccc(-c2cc(NC3=NC[C@@]4(CN5CCC4CC5)O3)ncn2)cc1,'=',81.0,nM,0.081,0
293.41,C/C1=C\CC[C@@]2(C)O[C@H]2[C@H]2OC(=O)[C@@H](CN(C)C)[C@@H]2CC1,'=',342.0,ng/g,0.0011656044442929687,0
513.58,CCC(C(=O)O)c1ccc(C(c2ccc(F)cc2)N2CCC(C)CC2)c(-c2ccc(C(F)(F)F)cc2)c1,'=',13.0,uM,13.0,1
511.56,CC(C(=O)O)c1ccc(C(c2ccc(F)cc2)N2CC3CCC(C3)C2)c(-c2ccc(C(F)(F)F)cc2)c1,'=',3.1,uM,3.1,1
426.46,CC1CN(C(=O)CO/N=C/c2ccc(OC(F)F)c(OC3CCCC3)c2)CC(C)O1,'=',2.94,ng/g,6.893964263940346e-06,0
377.39,O=C(Nc1ccc2sc(-c3ccc(F)c(F)c3)nc2c1)N1CCC(F)C1,'=',5.48,uM,5.48,1
299.36,COc1ccc(CSc2nnc(-c3ccncc3)o2)cc1,'=',0.029,uM,0.029,0
465.6,CCc1cc2c(cc1-c1cnn(CCCN(C)C)c1)C(C)(C)c1[nH]c3cc(C#N)ccc3c1C2=O,'=',0.06,uM,0.06,0
455.41,O=S(=O)(c1ccc(C(F)(F)F)cc1)N1c2cc(F)c(F)cc2-c2n[nH]cc2[C@H]1C1CC1,'=',7.2,uM,7.2,1
455.41,O=S(=O)(c1ccc(C(F)(F)F)cc1)N1c2cc(F)c(F)cc2-c2n[nH]cc2[C@H]1C1CC1,'=',2.1,uM,2.1,1
438.41,O=S(=O)(c1ccc(C(F)(F)F)nc1)N1c2ccc(F)cc2-c2n[nH]cc2[C@H]1C1CC1,'=',0.22,uM,0.22,0
428.47,COc1nc(Nc2cccc3c2nc(-c2ccc(F)cc2)n3C)ccc1-n1cnc(C)c1,'=',22.0,uM,22.0,1
447.4,COc1nc(-c2nc(Nc3cc(C(F)(F)F)ccc3F)n(C)n2)ccc1-n1cnc(C)c1,'=',14.0,uM,14.0,1
446.41,COc1cc(-c2nc(Nc3cc(C(F)(F)F)ccc3F)n(C)n2)ccc1-n1cnc(C)c1,'=',11.0,uM,11.0,1
299.36,COc1ccc(CSc2nnc(-c3ccncc3)o2)cc1,'=',0.047,uM,0.047,0
520.89,C[C@H](Nc1c(-c2c(F)cc(OCCCN3CCOCC3)cc2F)c(Cl)nc2ncnn12)C(F)(F)F,'=',600.0,nM,0.6,0
506.91,C[C@H](Nc1c(-c2c(F)cc(OCCCNC(C)(C)C)cc2F)c(Cl)nc2ncnn12)C(F)(F)F,'=',170.0,nM,0.17,0
533.09,CNCC(=O)N[C@H](c1cccc(F)c1N1CCN(C(=O)[C@H](C)Cc2ccc(Cl)cc2OC)CC1)C(C)C,'=',107.0,ng/g,0.00020071657693822805,0
413.41,Cn1ncc(-c2nn(C)c3ncnc(N4CCC4)c23)c1-c1ccc(C(F)(F)F)cc1,'=',452.0,nM,0.452,0
565.08,CC(C)C[C@H](N)c1cc(C(F)(F)F)ccc1N1CCN(C(=O)[C@@H](Cc2ccc(Cl)cc2)N2CCCC2=O)CC1,'=',484.0,ng/g,0.000856515891555178,0
382.51,Cc1nc2ncccc2cc1-c1ccc2cc(CCN3CCC[C@H]3C)ccc2n1,'=',0.0,ng/g,0.0,0
487.73,CC(C)c1cccc(CNC[C@@H](O)[C@@H]2C[C@H](C)CCCCCCCCC(=O)N(C)[C@@H](C)C(=O)N2)c1,'=',1.3,umol/Kg,0.0013,0
411.89,Nc1nc(N)c2c(OCC3CCN(C(=O)c4cccc(Cl)c4)CC3)cccc2n1,'=',23.0,ng/g,5.5840151496758844e-05,0
405.9,O=S(=O)(Nc1nccs1)c1cc(Cl)c(NC[C@H]2CCCOC2)cc1F,'<',25.0,nM,0.025,0
325.14,Fc1cccc(F)c1-c1c(Cl)ncn1-c1ccc(Cl)cc1,'=',700.0,nM,0.7,0
570.7,NC(=O)c1ccc(N2CCN(c3nc(-c4cccc(O)c4)cs3)CC2)c(Nc2nc(-c3cccc(O)c3)cs2)c1,'=',40.0,ng/ml,7.008936393902226e-05,0
403.55,COc1ccc(C(=O)NCc2csc(C)n2)cc1OC1CCN(C(C)C)CC1,'=',1.5,ng/g,3.7170115227357203e-06,0
317.9,CC(N(C)C)C1(c2ccc3ccccc3c2)CCCCC1.Cl,'=',25.0,ng/g,7.864108210128971e-05,0
489.58,COc1cc([C@@H]2CCN(CCO)C[C@@H]2O)ccc1Nc1ncc2ccc(-c3ccccc3OC)n2n1,'=',1577.0,ng/g,0.0032211283140651174,0
341.41,Cn1cc(C2CCNCC2)c2ccc(Nc3ccc(F)c(F)c3)cc21,'=',200.0,ng/g,0.0005858059224978765,0
343.13,Fc1ccc(F)c(-c2c(Cl)ncn2-c2ccc(Cl)cc2)c1F,'=',700.0,nM,0.7,0
465.98,COc1ccc(OCC2c3ccc(OC(C)C)cc3CCN2C(=O)c2cccc(Cl)c2)cc1,'=',0.7,uM,0.7,0
513.69,COc1ccc(N2CCN(c3nc(Nc4cc(C(C)(C)C)ccc4C)c4c(ncn4C)n3)CC2(C)C)cc1,'=',7.8,uM,7.8,1
415.51,CC(=O)N1CCCC1(Cc1ccc(S(C)(=O)=O)cc1)C(=O)OCc1ccccc1,'=',6.0,uM,6.0,1
362.79,C[C@@]1(c2cc(NC(=O)c3ccc(Cl)cn3)ccc2F)COCC(N)=N1,'=',315.0,ng/g,0.0008682709005209625,0
520.51,CC(C)C[C@@H](NC(=O)CN)c1cccnc1N1CCN(C(=O)C(C)Cc2ccc(Cl)cc2Cl)CC1,'=',14.0,ng/g,2.6896697469789248e-05,0
573.49,CC(C)C[C@H](NC(=O)CN)c1cc(C(F)(F)F)ccc1N1CCN(C(=O)CCc2ccc(Cl)cc2Cl)CC1,'=',33.0,ng/g,5.7542415735235136e-05,0
533.6,Cn1cc(-c2ccc3cnc(Nc4ccc(-n5cnc(N6CCOCC6)n5)cc4)nc3c2-c2cnn(C)c2)cn1,'=',0.22,uM,0.22,0
489.58,COc1cc([C@@H]2CCN(CCO)C[C@@H]2O)ccc1Nc1ncc2ccc(-c3ccccc3OC)n2n1,'=',1649.0,ng/g,0.0033681931451448183,0
405.9,O=S(=O)(Nc1nccs1)c1cc(Cl)c(NC[C@H]2CCCOC2)cc1F,'<',25.0,nM,0.025,0
322.71,CNC(C)C1(c2ccc(Cl)c(Cl)c2)CCCCC1.Cl,'=',782.0,ng/g,0.0024232282854575317,0
489.58,COc1cc(C2CCN(CCO)CC2O)ccc1Nc1ncc2ccc(-c3ccccc3OC)n2n1,'=',1029.0,ng/g,0.0021018015441807265,0
489.58,COc1cc([C@@H]2CCN(CCO)C[C@@H]2O)ccc1Nc1ncc2ccc(-c3ccccc3OC)n2n1,'=',1769.0,ng/g,0.00361330119694432,0
489.58,COc1cc(C2CCN(CCO)CC2O)ccc1Nc1ncc2ccc(-c3ccccc3OC)n2n1,'=',1157.0,ng/g,0.002363250132766861,0
505.66,CC(C)S(=O)(=O)N(C)c1cc(C(=O)N[C@@H](Cc2ccccc2)[C@@H](N)CF)cc(NC[C@H]2C[C@@H]2C)n1,'=',0.7,uM,0.7,0
385.47,CN1CC(c2c[nH]c3cc(-n4ccc(OCc5ccccc5)cc4=O)ccc23)C1,'=',143.0,ng/g,0.0003709756920123485,0
385.47,CN1CC(c2c[nH]c3cc(-n4ccc(OCc5ccccc5)cc4=O)ccc23)C1,'=',172.0,ng/g,0.0004462085246582094,0
411.89,Nc1nc(N)c2c(OCC3CCN(C(=O)c4ccccc4Cl)CC3)cccc2n1,'=',26.0,ng/g,6.312364951807521e-05,0
402.34,CCC[C@@H](C)N(c1cc(Cl)ccc1CO)S(=O)(=O)c1ccc(Cl)cc1,'=',5.2,uM,5.2,1
407.9,CCCCn1ccc(-c2ccc(Oc3ccc(C)nc3C)c(Cl)c2)c(C#N)c1=O,'=',1480.0,ng/g,0.0036283402794802647,0
386.33,Nc1scc2c(C(=O)NCC(F)(F)F)nn(-c3ccc(F)cc3)c(=O)c12,'=',637.0,ng/g,0.0016488494292444284,0
363.83,CC(C)NC(=O)c1nn(-c2ccc(Cl)cc2)c(=O)c2c1CSC2=O,'=',16.3,ng/g,4.480114339114422e-05,0
271.35,Cc1nn(Cc2ccccc2)c(=O)c2c(N)scc12,'=',48.0,ng/g,0.0001768933112216694,0
422.54,CN1CCN(Cc2ccc(-c3cnc4[nH]cc(-c5cnc6[nH]ccc6c5)c4c3)cc2)CC1,'=',179.0,ng/g,0.00042362853220996827,0
615.78,CCSCc1ccc2c(c1)c1c3c(c4c5cc(CSCC)ccc5n5c4c1n2[C@H]1C[C@](O)(C(=O)OC)[C@]5(C)O1)CNC3=O,'=',67.0,ng/g,0.00010880509272792232,0
426.49,Cc1nc2n(c(=O)c1CCN1CCC(c3noc4cc(F)ccc34)CC1)CC(O)CC2,'=',13.0,ng/g,3.0481371192759505e-05,0
322.72,Cc1ncn(-c2ccc(Cl)cc2)c1-c1c(F)ccc(F)c1F,'=',400.0,nM,0.4,0
429.23,N#Cc1nc(NCc2ccc(Cl)c(Cl)c2)c2ncn(CCCC(F)(F)F)c2n1,'=',20.0,uM,20.0,1
516.9,C[C@H](Nc1nc(-c2cnccn2)nc(Cl)c1-c1c(F)cc(OCCCN(C)C)cc1F)C(F)(F)F,'=',860.0,nM,0.86,0
360.44,O=C(O)C1CCN(c2ncc(-c3ccc4c(c3)OCCCO4)s2)CC1,'=',0.36,umol/Kg,0.00035999999999999997,0
438.45,N#Cc1c(-c2ccc3c(ccn3[C@H]3CC[C@H](O)CC3)c2)ccn2c(CC(F)(F)F)cnc12,'=',322.0,ng/g,0.0007344052913673167,0
423.88,O=c1cc(CN2CCOc3c(Cl)cc(-n4ccc5cc(F)ccc54)cc3C2)cc[nH]1,'=',11500.0,ug/L,0.027130319901859018,0
289.85,CNCC1(c2ccc3ccccc3c2)CCCCC1.Cl,'=',123.0,ng/g,0.00042435742625495943,0
569.51,CCN(CCCn1ccnc1)C(=O)OC[C@@H](C)N(c1cc(Cl)ccc1CO)S(=O)(=O)c1ccc(Cl)cc1,'=',227.0,nM,0.227,0
514.48,COc1cc(-c2cn([C@H]3CCc4c(F)cccc4N(CC(F)(F)F)C3=O)nn2)ccc1-n1ccnc1C,'=',0.81,uM,0.81,0
426.46,CC1CN(C(=O)CO/N=C/c2ccc(OC(F)F)c(OC3CCCC3)c2)CC(C)O1,'=',5.45,ng/g,1.2779627632134315e-05,0
442.05,Cc1ccc(N2CCN(C(=O)[C@H](C)Cc3ccc(Cl)cc3)CC2)c([C@@H](N)CC(C)C)c1,'=',940.0,ng/g,0.0021264562832258795,0
592.59,CC(C)C[C@H](NCCN)c1cccc(F)c1N1CCN(C(=O)[C@@H](Cc2ccc(Cl)cc2Cl)N2CCCC2=O)CC1,'=',53.0,ng/g,8.94378912907744e-05,0
476.97,O=C(NCCN1CCOCC1)c1ccnc(-n2ncc3cc(Nc4ccccc4Cl)ccc32)c1,'=',1.4,uM,1.4,0
527.6,CC(C)(C)c1ccc(-c2cc(CC(=O)O)ccc2C(c2ccc(F)cc2)N2CCC(C(F)(F)F)CC2)cc1,'=',1.0,uM,1.0,0
477.22,NCC1(O)CN(C(=O)c2ccc(F)c(F)c2Nc2ccc(I)cc2F)C1,'=',0.73,uM,0.73,0
361.12,Fc1cc(-n2cnc(Cl)c2-c2c(F)ccc(F)c2F)ccc1Cl,'=',700.0,nM,0.7,0
459.61,CC1CCc2cccc(c2)C[C@@](C)(N)C(=O)OCc2cc(nc(N(C)S(C)(=O)=O)c2)CC1,'=',637.0,nM,0.637,0
345.47,CC(C)Oc1cccc(-c2cnc(N3CCC(C(N)=O)CC3)s2)c1,'=',0.6,umol/Kg,0.0006,0
360.34,O=C(Nc1ccn2cc(-c3ccc(F)c(F)c3)nc2c1)N1CC[C@H](F)C1,'=',0.55,uM,0.55,0
361.33,O=C(Nc1cc2nc(-c3ccc(F)c(F)c3)cn2cn1)N1CC[C@H](F)C1,'=',1.12,uM,1.12,0
325.14,Fc1ccc(F)c(-c2cnc(Cl)n2-c2ccc(Cl)cc2)c1,'=',200.0,nM,0.2,0
289.17,Clc1ccc(-n2cnc(Cl)c2-c2ccccc2)cc1,'=',200.0,nM,0.2,0
509.47,Cc1cn(-c2ccc(-c3cn([C@H]4CCc5c(F)cccc5N(CC(F)(F)F)C4=O)nn3)cc2C#N)cn1,'=',0.76,uM,0.76,0
525.51,COc1cc(-c2cn([C@H]3CCc4c(F)cccc4N(CC(F)(F)F)C3=O)nn2)ccc1-c1ccnc(C)c1,'=',3.2,uM,3.2,1
421.55,CN1CCN(Cc2ccc(-c3cnc4[nH]cc(-c5ccc6[nH]ccc6c5)c4c3)cc2)CC1,'=',233.0,nM,0.233,0
422.54,CN1CCN(Cc2ccc(-c3cnc4[nH]cc(-c5cnc6[nH]ccc6c5)c4c3)cc2)CC1,'=',130.0,ng/g,0.0003076631798172954,0
426.46,CC1CN(C(=O)CO/N=C/c2ccc(OC(F)F)c(OC3CCCC3)c2)CC(C)O1,'=',96.0,ng/g,0.00022510903718988887,0
489.58,COc1cc([C@H]2CCN(CCO)C[C@@H]2O)ccc1Nc1ncc2ccc(-c3ccccc3OC)n2n1,'=',3930.0,ng/g,0.008027288696433677,0
353.43,COc1cc(N)ccc1-c1nc2c(C)nn(C3CCCCC3)c(=O)c2[nH]1,'=',1138.0,ng/g,0.003219873808109102,0
644.94,CCO[C@@H]([C@H]1C[C@@H](C)[C@H]2[C@H](O1)[C@H](O)[C@@]1(C)[C@@H]3CC[C@H]4C(C)(C)[C@@H](OC(=O)N5CCN(C)CC5)CC[C@@]45C[C@@]35CC[C@]21C)C(C)(C)O,'=',12.0,nM,0.012,0
232.19,O=C1NC(=O)/C(=C/c2cccc3c2OCO3)N1,'=',12113.0,ng/ml,0.05216848270812697,0
506.86,CC(=O)N(C)CCCOc1cc(F)c(-c2c(Cl)nc3ncnn3c2N[C@@H](C)C(F)(F)F)c(F)c1,'=',20.0,nM,0.02,0
526.9,C[C@H](Nc1c(-c2c(F)cc(OCCCNc3ccccc3)cc2F)c(Cl)nc2ncnn12)C(F)(F)F,'=',120.0,nM,0.12,0
398.45,Cc1cn(-c2ccc(Nc3cccc4c3nc(-c3ccc(F)cc3)n4C)nc2)cn1,'=',15.8,uM,15.8,1
428.47,COc1cc(Nc2cccc3c2nc(-c2ccc(F)cc2)n3C)cnc1-n1cnc(C)c1,'=',6.7,uM,6.7,1
366.9,Clc1c(N2CCC(c3ccccc3)CC2)ccn2c(CC3CC3)nnc12,'=',3833.0,ng/ml,0.010446988280185338,0
392.96,COc1cc(Cl)cc(-c2nnc(N3CCC(N4CCCCC4)CC3)s2)c1,'=',9027.0,ng/g,0.022971803745928342,0
424.43,N#Cc1c(-c2ccc3c(ccn3C3CCOCC3)c2)ccn2c(CC(F)(F)F)cnc12,'=',50.0,ng/g,0.0001178050561930118,0
308.68,CNCC1(c2ccc(Cl)c(Cl)c2)CCCCC1.Cl,'=',546.0,ng/g,0.001768822081119606,0
557.82,CC(C)c1ccc2c(c1)[C@@H](NC[C@@H](O)[C@@H]1C[C@H](C)CCCCCCCCC(=O)N(C)[C@@H](C)C(=O)N1)CC(C)(C)O2,'=',1.5,umol/Kg,0.0015,0
360.44,O=C(O)C1CCN(c2ncc(-c3ccc4c(c3)OCCCO4)s2)CC1,'=',0.13,umol/Kg,0.00013000000000000002,0
462.03,Cl.O=c1n(C[C@@H](O)CO)c2ccccc2n1C1CCN(C[C@H]2[C@H]3CC[C@H](C3)C23CC3)CC1,'=',0.56,nmol/g,0.0005600000000000001,0
516.6,CC(C)(C)c1cccc(CN[C@H]2C[S@+]([O-])C[C@@H](Cc3cc(F)c(N)c(OCC(F)(F)F)c3)[C@@H]2O)c1,'=',0.4,nmol/g,0.0004,0
284.23,CN1C[C@H]2CCCC[C@@]2(c2ccc(Cl)c(Cl)c2)C1,'=',1054.0,ng/g,0.003708264433733244,0
284.23,CN1C[C@H]2CCCC[C@@]2(c2ccc(Cl)c(Cl)c2)C1,'=',4203.0,ng/g,0.014787320128065298,0
499.55,CC1CCN([C@H](c2ccc(F)cc2)c2ccc([C@@H](C)C(=O)O)cc2-c2ccc(C(F)(F)F)cc2)CC1,'=',4.6,uM,4.6,1
614.54,CC(C)C[C@H](N)c1cc(C(F)(F)F)ccc1N1CCN(C(=O)[C@@H](Cc2ccc(Cl)cc2Cl)N2CCNCC2=O)CC1,'=',46.0,ng/g,7.48527353793081e-05,0
599.53,CC(C)C[C@H](N)c1cc(C(F)(F)F)ccc1N1CCN(C(=O)[C@@H](Cc2ccc(Cl)cc2Cl)N2CCCC2=O)CC1,'=',115.0,ng/g,0.00019181692325655097,0
519.52,CNCC(=O)N[C@H](c1cc(Cl)ccc1N1CCN(C(=O)[C@H](C)Cc2ccc(Cl)cc2)CC1)C(C)C,'=',62.0,ng/g,0.00011934093008931322,0
499.55,CC1CCN([C@@H](c2ccc(F)cc2)c2ccc([C@H](C)C(=O)O)cc2-c2ccc(C(F)(F)F)cc2)CC1,'=',6.6,uM,6.6,1
410.84,CC1(c2cc(NC(=O)c3ccc(Cl)cn3)ccc2F)N=C(N)c2ccccc2O1,'=',1569.0,ng/g,0.003819004965436667,0
407.51,O=C(c1cccc2ccccc12)N1Cc2ccccc2CC1COCc1ccccc1,'=',0.3,uM,0.3,0
346.42,Cc1nc2c3ccccc3nc(SCc3nc4ccccc4[nH]3)n2n1,'<',25.0,ng/ml,7.216673402228509e-05,0
402.9,CCC(=O)c1cc(-c2ccc(Cl)cc2)n(-c2ccc(S(N)(=O)=O)cc2)c1C,'=',15.0,ng/g,3.72300819061802e-05,0
414.41,C[C@H](NC(=O)Cc1cc(F)cc(F)c1)C(=O)NC1C(=O)N(C)N=Cc2ccccc21,'=',12.0,nM,0.012,0
405.89,Cc1ccc(Oc2ccc(-c3ccn(CC4CC4)c(=O)c3C#N)cc2Cl)c(C)n1,'=',750.0,ng/g,0.0018477912734977458,0
389.82,CN1CC(C)(c2cc(NC(=O)c3ccc(Cl)cn3)ccc2F)N=C(N)C1=O,'=',8078.0,ng/g,0.020722384690369914,0
532.82,C[C@H](Nc1c(-c2c(F)cc(OCCCNCC(F)(F)F)cc2F)c(Cl)nc2ncnn12)C(F)(F)F,'=',230.0,nM,0.23,0
560.65,COC[C@@H](Oc1cc(C[C@@H]2C[S@@+]([O-])C[C@H](NCc3cccc(C(C)(C)C)c3)[C@H]2O)cc(F)c1N)C(F)(F)F,'=',0.5,nmol/g,0.0005,0
289.85,CNCC1(c2ccc3ccccc3c2)CCCCC1.Cl,'=',2175.0,ng/g,0.0075038813179230624,0
381.78,Cc1ccoc1C(=O)Nc1ccc(N2C(=O)c3ccncc3C2=O)c(Cl)c1,'=',2.52,uM,2.52,1
532.47,COc1c(-n2cnc(C)c2)ccc(-c2cn([C@H]3CCc4c(F)cccc4N(CC(F)(F)F)C3=O)nn2)c1F,'=',11.0,uM,11.0,1
402.34,CCC[C@@H](C)N(c1cc(Cl)ccc1CO)S(=O)(=O)c1ccc(Cl)cc1,'=',14.0,uM,14.0,1
531.32,O=C(c1ccc(F)c(F)c1Nc1ccc(I)cc1F)N1CC(O)([C@@H]2CCCCN2)C1,'=',0.22,uM,0.22,0
539.49,O=C(O)Cc1ccc(C(c2ccc(F)cc2)N2CCC(C(F)(F)F)CC2)c(-c2ccc(C(F)(F)F)cc2)c1,'=',7.4,uM,7.4,1
428.47,COc1nc(Nc2cccc3c2nc(-c2ccc(F)cc2)n3C)ccc1-n1cnc(C)c1,'=',12.0,uM,12.0,1
428.47,COc1nc(Nc2cccc3c2nc(-c2ccc(F)cc2)n3C)ccc1-n1cnc(C)c1,'=',2.8,uM,2.8,1
672.99,CCO[C@@H]([C@H]1C[C@@H](C)[C@H]2[C@H](O1)[C@H](O)[C@@]1(C)[C@@H]3CC[C@H]4C(C)(C)[C@@H](O[C@H]5CN(C6CN(C)C6)CCO5)CC[C@@]45C[C@@]35CC[C@]21C)C(C)(C)O,'=',7.0,uM,7.0,1
411.98,CCC1(CCCCN2CCN(c3ccc(Cl)cc3)CC2)C(=O)Nc2ccccc21,'=',42.0,nM,0.042,0
430.6,FC1(c2ccccn2)CCCN(c2nnc(N3CCC(N4CCCCC4)CC3)s2)C1,'=',674.0,ng/g,0.001565257779842081,0
345.47,CC(C)Oc1cccc(-c2cnc(N3CCC(C(N)=O)CC3)s2)c1,'=',1.28,umol/Kg,0.00128,0
359.43,CCCCn1ccc(-c2ccc(Oc3cccnc3C)cc2)c(C#N)c1=O,'=',822.0,ng/g,0.0022869543443785998,0
333.48,CCC(C)(C)Cc1c[nH]c(CCc2ccc(-c3ccccn3)cc2)n1,'=',0.41,uM,0.41,0
385.47,CN1CC(c2c[nH]c3cc(-n4ccc(OCc5ccccc5)cc4=O)ccc23)C1,'=',1130.0,ng/g,0.002931486237580097,0
319.76,C[C@@H]1CN(Cc2ccc(-c3ccc(F)c(Cl)c3)cc2)C(=O)O1,'=',2750.0,ng/g,0.008600200150112584,0
411.98,CCC1(CCCCN2CCN(c3cccc(Cl)c3)CC2)C(=O)Nc2ccccc21,'=',613.0,nM,0.613,0
383.92,O=C1Nc2ccccc2C1CCCCN1CCN(c2cccc(Cl)c2)CC1,'=',4311.0,nM,4.311,1
332.35,Cc1ncsc1C(CO[N+](=O)[O-])n1cc(-c2cccnc2)nn1,'=',76.6,ng/ml,0.00023047991575146678,0
332.35,Cc1ncsc1C(CO[N+](=O)[O-])n1cc(-c2cccnc2)nn1,'=',2.1,ng/ml,6.318639987964495e-06,0
427.48,COc1cc(Nc2cccc3cn(Cc4ccc(F)cc4)nc23)ccc1-n1cnc(C)c1,'=',6.8,uM,6.8,1
427.48,COc1cc(Nc2cccc3c2nc(-c2ccc(F)cc2)n3C)ccc1-n1cnc(C)c1,'=',7.0,uM,7.0,1
413.46,COc1cc(Nc2cccn3cc(-c4ccc(F)cc4)nc23)ccc1-n1cnc(C)c1,'=',11.7,uM,11.7,1
549.54,COc1cc(Cl)ccc1C[C@@H](C)C(=O)N1CCN(c2ccc(Cl)cc2[C@@H](NC(=O)[C@@H](C)N)C(C)C)CC1,'=',59.0,ng/g,0.0001073625213815191,0
398.98,CC(C)[C@H](NC(=O)CCN1CCC(c2ccccc2)CC1)c1ccc(Cl)cc1,'=',83.0,nM,0.083,0
517.67,CCC(NC(=O)[C@H](CC(C)C)NC(=O)OCc1ccccc1)C(=O)C(=O)NCCCN1CCN(C)CC1,'=',1.14,ug/g,0.0022021751308748815,0
438.41,O=S(=O)(c1ccc(C(F)(F)F)nc1)N1c2ccc(F)cc2-c2n[nH]cc2[C@H]1C1CC1,'=',2.6,uM,2.6,1
377.39,O=C(Nc1ccc2sc(-c3ccc(F)c(F)c3)nc2c1)N1CC[C@H](F)C1,'=',0.28,uM,0.28,0
426.46,Cc1ccc(-c2ncn(-c3ccc(Nc4cc(-c5ccn(C)n5)c(F)cn4)cc3)n2)cn1,'=',10.3,uM,10.3,1
367.97,Cl.S=C(NCCc1nc(-c2ccccc2)cs1)N1CCCCC1,'=',0.187,uM,0.187,0
369.4,C[C@]12CCCO[C@@H]1[C@]1(COC(N)=N1)c1cc(-c3cccnc3F)ccc1O2,'=',1.1,nM,0.0011,0
450.8,C[C@H](Nc1c(-c2c(F)cc(OCCCN)cc2F)c(Cl)nc2ncnn12)C(F)(F)F,'=',40.0,nM,0.04,0
433.74,C[C@H](Nc1nc(-c2cnccn2)nc(Cl)c1-c1c(F)cc(F)cc1F)C(F)(F)F,'=',2900.0,nM,2.9,1
434.55,CCCN(Cc1c(C(F)(F)F)nc2n1CCCN2c1c(C)cc(C)cc1C)CC1CC1,'=',352.0,ng/g,0.0008100333678518007,0
524.68,Cc1ccccc1-c1cccc(CN2CCC3(CC2)C(NC2CCCCC2)=NC(=O)N3c2cccc(F)c2)c1,'=',14.0,uM,14.0,1
377.39,O=C(Nc1ccc2sc(-c3ccc(F)c(F)c3)nc2c1)N1CC[C@@H](F)C1,'=',6.35,uM,6.35,1
377.39,O=C(Nc1ccc2sc(-c3ccc(F)c(F)c3)nc2c1)N1CC[C@H](F)C1,'=',45.2,uM,45.2,1
518.54,Cn1cc(/C=C/C(=O)NS(=O)(=O)c2ccc(F)c(F)c2)c2c(Oc3ccc4ccccc4c3)cccc21,'=',55.7,ng/ml,0.00010741697843946467,0
561.55,COc1cc(Cl)ccc1C[C@@H](C)C(=O)N1CCN(c2ccc(Cl)cc2[C@@H](NC(=O)C2CNC2)C(C)C)CC1,'=',61.0,ng/g,0.00010862790490606358,0
515.47,COc1cc(-c2cn([C@H]3CCc4c(F)cccc4N(CC(F)(F)F)C3=O)nn2)cnc1-n1cnc(C)c1,'=',19.0,uM,19.0,1
315.44,O=C(NCCc1nc(-c2ccccc2)cs1)N1CCCCC1,'=',0.244,uM,0.244,0
426.46,COc1ccc(-c2cccc3cnc(Nc4ccc(-n5cnc(C)n5)cc4)nc23)cc1F,'=',7.6,uM,7.6,1
336.73,CC(N(C)C)C1(c2ccc(Cl)c(Cl)c2)CCCCC1.Cl,'=',845.0,ng/g,0.002509428919312208,0
481.57,CC1CC1CNc1cc(C(=O)N[C@H](CN)Cc2cc(F)cc(F)c2)cc(N(C)S(C)(=O)=O)n1,'=',420.0,nM,0.42,0
661.97,CCO[C@@H]([C@H]1C[C@@H](C)[C@H]2[C@H](O1)[C@H](O)[C@@]1(C)[C@@H]3CC[C@H]4C(C)(C)[C@@H](O[C@H]5CN(CCOC)CCO5)CC[C@@]45C[C@@]35CC[C@]21C)C(C)(C)O,'=',1.6,uM,1.6,0
369.4,C[C@]12CCCO[C@@H]1[C@]1(COC(N)=N1)c1cc(-c3cccnc3F)ccc1O2,'=',6.0,nM,0.006,0
517.54,CC1CCN(C(c2ccc(F)c(F)c2)c2ccc(C(C)C(=O)O)cc2-c2ccc(C(F)(F)F)cc2)CC1,'=',12.0,uM,12.0,1
513.58,CC(C(=O)O)c1ccc(C(c2ccc(F)cc2)N2CCC(C)(C)CC2)c(-c2ccc(C(F)(F)F)cc2)c1,'=',25.3,uM,25.3,1
174.63,CN1CC=CC=C1/C=N/O.Cl,'=',5.025,mg%,287.7512454904656,1
505.66,CC(C)S(=O)(=O)N(C)c1cc(C(=O)N[C@@H](Cc2ccccc2)[C@@H](N)CF)cc(NC[C@H]2C[C@@H]2C)n1,'=',5.8,uM,5.8,1
556.48,Cc1c(C(=O)NN2CCS(=O)(=O)CC2)nn(-c2ccc(Cl)cc2Cl)c1-c1ccc(C#CCCC#N)cc1,'=',50.0,nM,0.05,0
458.44,COc1cc(Nc2nc(-c3ccc(-n4cnc(C)c4)c(OC)c3)nn2C)cc(C(F)(F)F)c1,'=',3.4,uM,3.4,1
389.39,FCC[C@H]1C[C@@H]1c1cncc(N2C[C@H]3CNC[C@H]3C2)c1.O=C(O)C(F)(F)F,'=',197.0,ng/ml,0.0005059195151390636,0
430.41,C[C@H](NC(=O)[C@@H](O)c1cc(F)cc(F)c1)C(=O)N[C@H]1C(=O)N(C)N=Cc2ccccc21,'=',72.0,nM,0.072,0
523.52,CC(C)CCN(Cc1ccc(CC(=O)O)cc1-c1ccc(C(F)(F)F)cc1)c1ccc(C(F)(F)F)cc1,'<',0.6,uM,0.6,0
489.08,CNCCN[C@H](c1cccc(F)c1N1CCN(C(=O)[C@H](C)Cc2ccc(Cl)cc2)CC1)C(C)C,'=',53.0,ng/g,0.00010836672936942831,0
546.63,COC[C@@H](Oc1cc(C[C@@H]2C[S@@+]([O-])C[C@H](NCc3cccc(C(C)C)c3)[C@H]2O)cc(F)c1N)C(F)(F)F,'=',0.2,nmol/g,0.0002,0
224.27,CC(C)Cc1ccc([C@H](CF)C(=O)O)cc1,'=',64.88,ng/g,0.0002892941543675034,0
403.36,COc1ccc(Oc2cc(Nc3ccccc3C(N)=O)c(C(F)(F)F)cn2)cc1,'=',5.2,uM,5.2,1
550.54,CC1CCN(C(c2ccc(C(F)(F)F)nc2)c2ccc(C(C)C(=O)O)cc2-c2ccc(C(F)(F)F)cc2)CC1,'=',10.9,uM,10.9,1
511.56,CC(C(=O)O)c1ccc(C(c2ccc(F)cc2)N2CC3CCCC3C2)c(-c2ccc(C(F)(F)F)cc2)c1,'=',12.1,uM,12.1,1
224.27,CC(C)Cc1ccc([C@H](CF)C(=O)O)cc1,'=',758.97,ng/g,0.003384179783296919,0
224.27,CC(C)Cc1ccc([C@H](CF)C(=O)O)cc1,'=',522.59,ng/g,0.0023301823694653768,0
398.98,CC(C)[C@H](NC(=O)CCN1CCC(c2ccccc2)CC1)c1ccc(Cl)cc1,'=',0.29,uM,0.29,0
578.54,C[C@@H](c1ccc(-c2ccccc2)cc1)[C@H](NC(=O)C(C)(C)N)C(=O)N1CCC[C@H]1c1nc2cc(Cl)c(Cl)cc2[nH]1,'=',4.0,nM,0.004,0
595.55,C[C@H](COC(=O)N(CCCn1ccnc1)CC1CC1)N(c1cc(Cl)ccc1CO)S(=O)(=O)c1ccc(Cl)cc1,'=',859.0,nM,0.859,0
440.39,NC(=O)c1ccccc1Nc1cc(Oc2ccc(-n3cncn3)cc2)ncc1C(F)(F)F,'=',2.5,uM,2.5,1
377.35,COc1cnc(C(=O)Nc2ccc(F)c([C@@]3(C)N=C(N)CO[C@@H]3F)c2)cn1,'=',195.0,ng/g,0.0005167616271366106,0
288.33,CCC(C)NC(=O)c1nc(-c2ccc(F)cc2)cnc1N,'=',1069.5,ng/g,0.0037092914368952244,0
452.95,O=C(Nc1cnn(-c2cccc(C(=O)NCC3CCNCC3)c2)c1)Nc1ccccc1Cl,'<',5.0,nM,0.005,0
411.39,Nc1cc(C(F)(F)F)c(-c2nc(N3CCOCC3)nc(N3CCOCC3)n2)cn1,'=',0.5,uM,0.5,0
313.4,CC(=O)Oc1ccccc1C(=O)NC12CC3CC(CC(C3)C1)C2,'=',6.81,ng/ml,2.1729419272495213e-05,0
419.57,CC(C)Cc1ccc(C(C)C(=O)OC23C4C5CC6C7C5C2C7C2(OCCCN23)C64)cc1,'=',55.8,ng/ml,0.00013299330266701624,0
292.64,Cl.Clc1ccc([C@@]23CCC[C@@H]2CNC3)cc1Cl,'=',5950.0,ng/g,0.02033214871514489,0
462.03,Cl.O=c1n(C[C@H](O)CO)c2ccccc2n1C1CCN(C[C@H]2[C@H]3CC[C@H](C3)C23CC3)CC1,'=',0.42,nmol/g,0.00041999999999999996,0
360.44,O=C(O)C1CCN(c2ncc(-c3ccc4c(c3)OCCCO4)s2)CC1,'=',1.14,umol/Kg,0.00114,0
360.44,O=C(O)C1CCN(c2ncc(-c3ccc4c(c3)OCCCO4)s2)CC1,'=',0.43,umol/Kg,0.00043,0
345.47,CC(C)Oc1cccc(-c2cnc(N3CCC(C(N)=O)CC3)s2)c1,'=',0.0,umol/Kg,0.0,0
454.92,COc1cc(Nc2ncc(Cl)c(Nc3ccccc3C(N)=O)n2)ccc1N1CCOCC1,'=',0.8,uM,0.8,0
287.35,Cc1ncsc1C(CO)n1cc(-c2cccnc2)nn1,'=',56.4,ng/ml,0.00019627631807899774,0
688.99,CCO[C@@H]([C@H]1C[C@@H](C)[C@H]2[C@H](O1)[C@H](O)[C@@]1(C)[C@@H]3CC[C@H]4C(C)(C)[C@@H](OC(=O)N5CCN(CCOC)CC5)CC[C@@]45C[C@@]35CC[C@]21C)C(C)(C)O,'=',8.0,nM,0.008,0
429.97,CCC1(CCCCN2CCN(c3ccc(Cl)cc3)CC2)C(=O)Nc2cc(F)ccc21,'=',33.0,nM,0.033,0
352.26,O=C(NCCCNCc1cc(Cl)cc(Cl)c1)Nc1ccccc1,'=',1.8,uM,1.8,0
440.63,CC(=O)N[C@@H](Cc1ccccc1)[C@H](O)CNC1CC(C)(C)Cc2nn(CC(C)(C)C)cc21,'=',0.2,uM,0.2,0
439.52,COc1cccc(-c2nc3c(Nc4ccc(-n5cnc(C)c5)c(OC)c4)cccc3n2C)c1,'=',5.5,uM,5.5,1
427.48,COc1cc(Nc2cccn3cc(Cc4ccc(F)cc4)nc23)ccc1-n1cnc(C)c1,'=',6.2,uM,6.2,1
336.73,CC(N(C)C)C1(c2ccc(Cl)c(Cl)c2)CCCCC1.Cl,'=',19.0,ng/g,5.6425028954949064e-05,0
441.52,COc1cc(O)c(C(CC(=O)N2CC(C)CC(C)C2)c2ccc3c(c2)OCO3)c(OC)c1,'=',0.78,uM,0.78,0
477.22,NCC1(O)CN(C(=O)c2ccc(F)c(F)c2Nc2ccc(I)cc2F)C1,'=',1.24,uM,1.24,0
284.23,CN1C[C@H]2CCCC[C@@]2(c2ccc(Cl)c(Cl)c2)C1,'=',1878.0,ng/g,0.006607325053653731,0
385.47,CN1CC(c2c[nH]c3cc(-n4ccc(OCc5ccccc5)cc4=O)ccc23)C1,'=',878.0,ng/g,0.0022777388642436502,0
385.47,CN1CC(c2c[nH]c3cc(-n4ccc(OCc5ccccc5)cc4=O)ccc23)C1,'=',1615.0,ng/g,0.004189690507691909,0
574.68,COC[C@@H](Oc1cc(C[C@@H]2C[S@@+]([O-])C[C@H](N[C@H](C)c3cccc(C(C)(C)C)c3)[C@H]2O)cc(F)c1N)C(F)(F)F,'=',0.7,nmol/g,0.0007,0
328.72,O=C(Nc1cncc(Oc2cncnc2)n1)c1cc(Cl)ccn1,'=',3.69,uM,3.69,1
411.55,COc1ccc(C(=O)NC(C)Cc2ccccn2)cc1OC1CCN(C(C)C)CC1,'=',4.0,ng/g,9.71935366298141e-06,0
578.54,C[C@@H](c1ccc(-c2ccccc2)cc1)[C@H](NC(=O)C(C)(C)N)C(=O)N1CCC[C@H]1c1nc2cc(Cl)c(Cl)cc2[nH]1,'=',185.0,nM,0.185,0
389.82,CN1CC(C)(c2cc(NC(=O)c3ccc(Cl)cn3)ccc2F)N=C(N)C1=O,'=',347.0,ng/g,0.000890154430249859,0
371.83,CN1CC(N)=NC(C)(c2cccc(NC(=O)c3ccc(Cl)cn3)c2)C1=O,'=',123.0,ng/g,0.00033079633165694,0
371.83,CN1CC(C)(c2cccc(NC(=O)c3ccc(Cl)cn3)c2)N=C(N)C1=O,'=',20.5,ng/g,5.513272194282333e-05,0
224.27,CC(C)Cc1ccc([C@H](CF)C(=O)O)cc1,'=',162.13,ng/g,0.0007229232621393855,0
642.92,CC(C)[C@@H](OC(=O)N1CCC1)[C@H]1C[C@@H](C)[C@H]2[C@H](O1)[C@H](O)[C@@]1(C)[C@@H]3CC[C@H]4C(C)(C)[C@@H](O[C@H]5CNCCO5)CC[C@@]45C[C@@]35CC[C@]21C,'=',30.0,nM,0.03,0
368.38,CCOc1ccc(-c2cnc(NC)c(C(=O)c3ccc(F)c(F)c3)c2)cc1,'=',0.012,uM,0.012,0
368.38,CCOc1ccc(-c2cnc(NC)c(C(=O)c3ccc(F)c(F)c3)c2)cc1,'=',0.64,uM,0.64,0
415.23,Cc1ccoc1C(=O)Nc1ccc(N2C(=O)c3ccc(Cl)cc3C2=O)c(Cl)c1,'=',1.4,uM,1.4,0
405.9,O=S(=O)(Nc1nccs1)c1cc(Cl)c(NC[C@H]2CCCOC2)cc1F,'=',0.12,uM,0.12,0
405.9,O=S(=O)(Nc1nccs1)c1cc(Cl)c(NC[C@H]2CCCOC2)cc1F,'=',0.042,uM,0.042,0
487.88,O=S(=O)(NCCC1CCC(c2ccc(Cl)cc2Cl)N(c2ccc(Cl)cc2)C1)C1CC1,'=',66.0,ng/g,0.00013527916700828072,0
428.22,O=C([O-])c1cccc(Cc2cc(Cl)ccc2OCc2ccc(Cl)cc2F)n1.[Na+],'=',56.0,nM,0.056,0
482.44,CC(C)c1cccc(CN[C@H]2CS(=O)(=O)C[C@@H](Cc3ccc(O)c(Br)c3)[C@@H]2O)c1,'=',0.21,uM,0.21,0
339.52,CC(C)Cc1ccc(C(C)C(=O)NC23CC4CC(CC(C4)C2)C3)cc1,'=',11.83,ng/ml,3.48433081998115e-05,0
529.61,Cn1cc(-c2ccc3cnc(Nc4ccc(-n5cnc(N6CCOCC6)n5)cc4)nc3c2-c2ccccc2)cn1,'=',1.1,uM,1.1,0
407.29,CC(C)NC(=O)c1nn(-c2ccc(Br)cc2)c(=O)c2c(N)scc12,'=',641.0,ng/g,0.0015738171818605905,0
289.85,CNCC1(c2ccc3ccccc3c2)CCCCC1.Cl,'=',306.0,ng/g,0.0010557184750733138,0
385.47,Cn1c2c(c3ccc(-n4ccc(OCc5ccccc5)cc4=O)cc31)CCNC2,'=',4012.0,ng/ml,0.010408073261213582,0
395.47,COc1cc(Nc2cccn3cc(-c4ccccc4)nc23)ccc1-n1cnc(C)c1,'=',16.2,uM,16.2,1
139.13,NN[14C](=O)c1ccncc1,'=',3.2,ug/g,0.023000071875224612,0
232.19,O=C1NC(=O)/C(=C/c2cccc3c2OCO3)N1,'<',50.0,ng/ml,0.00021534088462035403,0
684.81,COC[C@H]1CCCN1C(=O)c1cc(C)cc(C(=O)N[C@@H](Cc2cc(F)cc(F)c2)[C@H](O)[C@H]2CN(S(=O)(=O)c3cccc(C)c3)CCN2)c1,'=',133.0,ng/g,0.00019421445364407647,0
486.62,Cc1cc(OC2CCN(c3nc(Nc4cc(C(C)(C)C)ccc4C)c4c(ncn4C)n3)CC2)ncn1,'=',7.8,uM,7.8,1
348.82,CCNC(=O)c1nn(-c2ccc(Cl)cc2)c(=O)c2c(N)scc12,'=',886.0,ng/g,0.0025399919729373315,0
547.57,CC(C)[C@H](NC(=O)CCN(C)C)c1cc(Cl)ccc1N1CCN(C(=O)[C@H](C)Cc2ccc(Cl)cc2)CC1,'=',176.0,ng/g,0.0003214200924082765,0
349.8,CCOC(=O)c1nn(-c2ccc(Cl)cc2)c(=O)c2c(N)scc12,'=',67.0,ng/g,0.00019153802172670095,0
461.78,CCc1c(C2=NC(C)(C)C(=O)N2)nn(-c2ccc(Cl)cc2Cl)c1-c1ccc(Cl)cc1,'=',1118.0,ng/g,0.002421066308631816,0
807.0,CCCC[C@H](OC(=O)CN1CCN(C)CC1)c1ccccc1C(=O)O[C@H]1CO[C@H]2[C@@H]1OC[C@H]2OC(=O)c1ccccc1[C@H](CCCC)OC(=O)CN1CCN(C)CC1,'=',408.3,ng/ml,0.0005059479553903345,0
391.56,c1cncc([C@@H]2CN3CCC[C@@H]3c3cc(OCCCN4CCCCC4)ccc32)c1,'=',0.92,uM,0.92,0
532.6,CC(C)(C)c1cccc(CN[C@H]2CS(=O)(=O)C[C@@H](Cc3cc(F)c(N)c(OCC(F)(F)F)c3)[C@@H]2O)c1,'=',1.8,nmol/g,0.0018,0
614.73,CCC(C)[C@@]1(NC(C)=O)CCN([C@@H](CCc2ccccc2)C(=O)N[C@@H](Cc2cc(F)cc(F)c2)[C@H](O)[C@H]2C[C@H](O)CN2)C1=O,'=',680.0,nM,0.68,0
344.4,CC(C)NC(=O)c1nn(-c2ccc(O)cc2)c(=O)c2c(N)scc12,'=',14.1,ng/g,4.0940766550522653e-05,0
491.88,CCc1c(C2=NC(=S)C(C)(C)N2C)nn(-c2ccc(Cl)cc2Cl)c1-c1ccc(Cl)cc1,'=',243.0,ng/g,0.0004940229324225421,0
331.42,CCc1nnc2c(C#N)c(N3CCC(c4ccccc4)CC3)ccn12,'=',135.0,ng/ml,0.0004073381208134693,0
394.83,FC(F)(F)Cc1nnc2c(Cl)c(N3CCC(c4ccccc4)CC3)ccn12,'=',2089.0,ng/ml,0.0052908846845477805,0
538.51,CC(C)CC[C@H](c1ccc(C(F)(F)F)nc1)N1CC[C@@H](CC(=O)[O-])C[C@H]1c1ccc(C(F)(F)F)cc1.[Na+],'=',4.199,uM,4.199,1
517.67,Cc1cc2cc(n1)OCCCCOc1cccc(c1)C[C@@H]([C@H](O)CNCc1cccc(C(C)C)c1)NC2=O,'=',0.04,uM,0.04,0
555.67,CC1CC1CN(C)c1cc(C(=O)N[C@@H](Cc2cc(F)cc(F)c2)[C@@H](N)CF)cc(N(C)S(=O)(=O)C(C)C)n1,'=',3080.0,nM,3.08,1
438.45,N#Cc1c(-c2ccc3c(ccn3[C@H]3CC[C@H](O)CC3)c2)ccn2c(CC(F)(F)F)cnc12,'=',469.0,ng/g,0.001069677272208918,0
461.54,CCCCNC1=N/C(=C\c2ccc(-n3cnc(C)c3)c(OC)c2)C(=O)N1Cc1ccc(F)cc1,'=',5.9,uM,5.9,1
417.92,N#Cc1ccc(CN([C@H](CC2CC2)C(N)=O)S(=O)(=O)c2ccc(Cl)cc2)cc1,'=',2800.0,nM,2.8,1
384.65,CCCCCCCCCCCCCCCCNCCc1c[nH]c2ccccc12,'=',21.8,ng/ml,5.667489925906669e-05,0
374.92,C[C@H](Nc1cc(N2CCCC(C(C)(C)O)C2)ncn1)c1ccc(Cl)cc1,'=',400.0,nM,0.4,0
578.54,C[C@@H](c1ccc(-c2ccccc2)cc1)[C@H](NC(=O)C(C)(C)N)C(=O)N1CCC[C@H]1c1nc2cc(Cl)c(Cl)cc2[nH]1,'=',3.0,nM,0.003,0
592.59,CC(C)C[C@H](NCCN)c1cccc(F)c1N1CCN(C(=O)[C@@H](Cc2ccc(Cl)cc2Cl)N2CCCC2=O)CC1,'=',63.0,ng/g,0.0001063129651192224,0
441.51,COc1cc(Nc2cccc3c2nc(Cc2ccc(F)cc2)n3C)ccc1-n1cnc(C)c1,'=',4.8,uM,4.8,1
578.54,C[C@@H](c1ccc(-c2ccccc2)cc1)[C@H](NC(=O)C(C)(C)N)C(=O)N1CCC[C@H]1c1nc2cc(Cl)c(Cl)cc2[nH]1,'=',166.0,nM,0.166,0
544.71,CCCN1C(=O)OC[C@@H]1Cc1cc(C[C@@H]2CS(=O)(=O)C[C@H](NCc3cccc(C(C)C)c3)[C@H]2O)ccc1O,'<',0.05,uM,0.05,0
374.45,COc1cc(-c2nc(Nc3ccccc3C)n(C)n2)ccc1-n1cnc(C)c1,'=',9.7,uM,9.7,1
452.95,O=C(Nc1cnn(-c2cccc(C(=O)NCC3CCNCC3)c2)c1)Nc1ccccc1Cl,'<',5.0,nM,0.005,0
295.84,CCCCCCn1c(-c2cccc(Cl)c2)n[nH]c1=S,'=',7.202,uM,7.202,1
407.43,CCOC(=O)C(CC)Cc1ccc(C(=O)NCc2ccccc2C(F)(F)F)cc1,'=',30.0,ng/g,7.363228039172373e-05,0
360.44,O=C(O)C1CCN(c2ncc(-c3ccc4c(c3)OCCCO4)s2)CC1,'=',0.13,umol/Kg,0.00013000000000000002,0
503.06,CNCC(=O)N[C@H](c1cccc(F)c1N1CCN(C(=O)[C@H](C)Cc2ccc(Cl)cc2)CC1)C(C)C,'=',231.0,ng/g,0.0004591897586768974,0
527.15,Cc1ccc(N2CCN(C(=O)[C@H](C)Cc3ccc(Cl)cc3)CC2)c([C@@H](NC(=O)CCN(C)C)C(C)C)c1,'=',18.0,ng/g,3.414587878213032e-05,0
545.55,CC(C)[C@H](NC(=O)C1CN(C)C1)c1cc(Cl)ccc1N1CCN(C(=O)[C@H](C)Cc2ccc(Cl)cc2)CC1,'=',79.0,ng/g,0.0001448079919347448,0
644.94,CCO[C@@H]([C@H]1C[C@@H](C)[C@H]2[C@H](O1)[C@H](O)[C@@]1(C)[C@@H]3CC[C@H]4C(C)(C)[C@@H](OC(=O)N(C)C5CN(C)C5)CC[C@@]45C[C@@]35CC[C@]21C)C(C)(C)O,'=',56.0,nM,0.056,0
278.81,Nc1nc(C2(c3ccc(Cl)cc3)CCCC2)cs1,'=',15.0,uM,15.0,1
372.49,Cc1cc(N)nc(C[C@H]2CNC[C@H]2OCCNCCc2cccc(F)c2)c1,'=',60.0,nM,0.06,0
571.76,COCc1cc2cc(c1)C(=O)N[C@H]([C@H](O)CNC1(c3cccc(C(C)C)c3)CC1)Cc1cccc(c1)OCCCCN2,'=',0.25,uM,0.25,0
536.98,CC(C)(C)CC(=O)N1CCN(C[C@@H]2CC[C@@H](c3ccc(Cl)cc3Cl)N(c3ccc(Cl)cc3)C2)CC1,'=',0.0,ng/g,0.0,0
434.55,CCCN(Cc1c(C(F)(F)F)nc2n1CCCN2c1c(C)cc(C)cc1C)CC1CC1,'=',217.0,ng/g,0.0004993671614313658,0
501.55,N#Cc1cc(-c2ccnc(Nc3ccc(-n4cnc(-c5ccccn5)n4)cc3)n2)cc(N2CCOCC2)c1,'=',0.1,uM,0.1,0
224.27,CC(C)Cc1ccc([C@H](CF)C(=O)O)cc1,'=',1265.99,ng/g,0.005644936906407455,0
397.91,Nc1nc(N)c2c(OCC3CCN(Cc4cccc(Cl)c4)CC3)cccc2n1,'=',1150.0,ng/g,0.002890100776557513,0
411.89,Nc1nc(N)c2c(OCC3CCN(C(=O)c4cccc(Cl)c4)CC3)cccc2n1,'=',10.0,ng/g,2.4278326737721237e-05,0
513.58,CC(C(=O)O)c1ccc(C(c2ccc(F)cc2)N2CCCC(C)(C)C2)c(-c2ccc(C(F)(F)F)cc2)c1,'=',2.5,uM,2.5,1
438.45,N#Cc1c(-c2ccc3c(ccn3[C@H]3CC[C@H](O)CC3)c2)ccn2c(CC(F)(F)F)cnc12,'=',280.0,ng/g,0.000638613296841145,0
353.43,COc1cc(N)ccc1-c1nc2c(C)nn(C3CCCCC3)c(=O)c2[nH]1,'=',16048.0,ng/g,0.04540644540644541,0
353.43,COc1cc(N)ccc1-c1nc2c(C)nn(C3CCCCC3)c(=O)c2[nH]1,'=',134745.0,ng/g,0.3812494694847636,0
377.39,O=C(Nc1ccc2sc(-c3ccc(F)c(F)c3)nc2c1)N1CC[C@H](F)C1,'=',48.08,uM,48.08,1
357.84,O=C(N[C@@H]1CCC[C@@H](NC(=O)c2ccccn2)C1)c1cccc(Cl)c1,'=',170.0,nM,0.17,0
539.65,COC[C@H](N)[C@H](Cc1cc(F)cc(F)c1)NC(=O)c1cc(N(C)C[C@H]2C[C@@H]2C)nc(N(C)S(C)(=O)=O)c1,'=',1100.0,nM,1.1,0
505.66,CC(C)S(=O)(=O)N(C)c1cc(C(=O)N[C@@H](Cc2ccccc2)[C@@H](N)CF)cc(NC[C@H]2C[C@@H]2C)n1,'=',0.7,uM,0.7,0
505.66,CC1CC1CNc1cc(C(=O)N[C@@H](Cc2ccccc2)[C@@H](N)CF)cc(N(C)S(=O)(=O)C(C)C)n1,'=',560.0,nM,0.56,0
466.05,CCN1CCN(c2cc3[nH]c(S[C@]4(C)CC[C@@H](NC(=O)OC)CC4)nc3cc2Cl)CC1,'=',1.11,nmol/g,0.00111,0
414.53,CC(=O)N(CCO[C@H]1CNC[C@H]1Cc1cc(C)cc(N)n1)CCc1cccc(F)c1,'=',39.0,nM,0.039,0
403.91,O=c1[nH]c(C2=C[C@@H](N3CC=C(c4ccccc4)CC3)CC2)nc2c(Cl)cccc12,'=',3.0,ug/g,0.007427397192443861,0
405.93,O=c1[nH]c(C2=C[C@@H](N3CCC(c4ccccc4)CC3)CC2)nc2c(Cl)cccc12,'=',18.1,ug/g,0.04458896854137413,0
439.52,Cc1cccc(C(=O)N[C@H]2C[C@@H](n3cnc(NC(=O)Cc4cccc5ccccc45)c3)C2)n1,'=',34.0,ng/g,7.735711685475063e-05,0
414.49,COC1(c2sc3c(N4CCOCC4)nc(-c4cnc(N)nc4)nc3c2C)COC1,'=',2.2,uM,2.2,1
474.91,FC(F)(F)Oc1ccc(CN2CCC3(CC2)OC(c2cc(Cl)ccn2)c2ccccc23)cc1,'=',0.69,uM,0.69,0
672.99,CCO[C@@H]([C@H]1C[C@@H](C)[C@H]2[C@H](O1)[C@H](O)[C@@]1(C)[C@@H]3CC[C@H]4C(C)(C)[C@@H](O[C@H]5CN(C6CN(C)C6)CCO5)CC[C@@]45C[C@@]35CC[C@]21C)C(C)(C)O,'=',31.0,uM,31.0,1
268.77,Cc1cc(SCc2cc(=O)[nH][nH]2)c(C)cc1Cl,'=',0.36,ug/g,0.0013394352048219668,0
416.38,C[C@@H]1NC(c2ccc(=O)n(C(F)F)c2)=N[C@@]1(c1ccc(F)cc1)c1ccc(F)nc1,'=',14.8,nmol/g,0.0148,0
317.9,CC(N(C)C)C1(c2ccc3ccccc3c2)CCCCC1.Cl,'=',130.0,ng/g,0.00040893362692670656,0
442.05,Cc1ccc(N2CCN(C(=O)[C@H](C)Cc3ccc(Cl)cc3)CC2)c([C@@H](N)CC(C)C)c1,'=',330.0,ng/g,0.0007465218866644044,0
599.53,CC(C)C[C@H](N)c1cc(C(F)(F)F)ccc1N1CCN(C(=O)[C@@H](Cc2ccc(Cl)cc2Cl)N2CCCC2=O)CC1,'=',397.0,ng/g,0.0006621853785465281,0
435.98,CN(C)c1ccc(CN([C@@H]2CCCCNC2=O)S(=O)(=O)c2ccc(Cl)cc2)cc1,'=',4200.0,nM,4.2,1
484.46,Cc1cn(-c2ccc(-c3cn([C@H]4CCc5c(F)cccc5N(CC(F)(F)F)C4=O)nn3)cc2)cn1,'=',19.0,uM,19.0,1
514.48,COc1cc(-c2cn([C@H]3CCc4c(F)cccc4N(CC(F)(F)F)C3=O)nn2)ccc1-c1cnn(C)c1,'=',6.4,uM,6.4,1
567.47,Cc1cn(-c2ccc(-c3cn(C4CCc5c(F)cccc5C(CC(F)(F)F)C4=O)nn3)cc2OC(F)(F)F)cn1,'=',5.3,uM,5.3,1
516.46,COc1nc(-n2cnc(C)c2)ncc1-c1cn(C2CCc3c(F)cccc3N(CC(F)(F)F)C2=O)nn1,'=',19.0,uM,19.0,1
397.88,O=c1[nH]c(CCCN2CC=C(c3ccc(F)cc3)CC2)nc2c(Cl)cccc12,'=',8.4,ug/g,0.0211118930330753,0
379.89,O=c1[nH]c(CCCN2CC=C(c3ccccc3)CC2)nc2c(Cl)cccc12,'=',8.0,ug/g,0.02105872752638922,0
334.79,CNC(=O)c1nn(-c2ccc(Cl)cc2)c(=O)c2c(N)scc12,'=',34.0,ng/g,0.00010155619940858448,0
531.12,CC(C)[C@H](NC(=O)CCN(C)C)c1cccc(F)c1N1CCN(C(=O)[C@H](C)Cc2ccc(Cl)cc2)CC1,'=',175.0,ng/g,0.0003294923934327459,0
284.23,CN1C[C@H]2CCCC[C@@]2(c2ccc(Cl)c(Cl)c2)C1,'=',6193.0,ng/g,0.02178869225627133,0
496.47,CC(C)(C)c1cccc(CN[C@H]2CS(=O)(=O)C[C@@H](Cc3ccc(O)c(Br)c3)[C@@H]2O)c1,'=',0.18,uM,0.18,0
465.98,COc1ccc(OCC2c3ccc(OC(C)C)cc3CCN2C(=O)c2cccc(Cl)c2)cc1,'=',0.4,uM,0.4,0
513.58,CC1CCN(C(c2ccc(F)cc2)c2ccc(C(C)(C)C(=O)O)cc2-c2ccc(C(F)(F)F)cc2)CC1,'=',16.1,uM,16.1,1
516.0,CC1CCN(C(c2ccc(Cl)cc2)c2ccc(C(C)C(=O)O)cc2-c2ccc(C(F)(F)F)cc2)CC1,'=',19.4,uM,19.4,1
248.25,N#Cc1cccc(-n2nnc(-c3cccnc3)n2)c1,'=',4.4,uM,4.4,1
407.49,Cc1nc2cccc(F)c2c(=O)n1-c1ccc(OC2CCN(C3CCC3)CC2)cc1,'=',0.062,nmol/g,6.2e-05,0
457.5,Cc1nc2cccc(C(F)(F)F)c2c(=O)n1-c1ccc(OC2CCN(C3CCC3)CC2)cc1,'=',0.137,nmol/g,0.00013700000000000002,0
291.36,CC(C)Nc1c(C#N)cnc2cc(-c3cnn(C)c3)ccc12,'=',81.1,ng/ml,0.0002783498077979132,0
381.91,O=c1[nH]c(CCCN2CCC(c3ccccc3)CC2)nc2c(Cl)cccc12,'=',11.6,ug/g,0.030373648241732342,0
397.88,O=c1[nH]c(CCCN2CC=C(c3ccc(F)cc3)CC2)nc2c(Cl)cccc12,'=',2.8,ug/g,0.007037297677691766,0
336.44,CN1C(=O)[C@@H](CN2CCCCC2)C[C@H]1C#Cc1ccc2occc2c1,'=',3676.0,pmol/g,0.003676,0
573.78,CC(C)CCN(Cc1ccc(C(CC(C)C)C(=O)O)cc1-c1ccc(C(F)(F)F)cc1)[C@H]1CC[C@H](C(C)(C)C)CC1,'=',0.7,uM,0.7,0
462.03,Cl.O=c1n(C[C@@H](O)CO)c2ccccc2n1C1CCN(C[C@H]2[C@H]3CC[C@H](C3)C23CC3)CC1,'=',0.19,nmol/g,0.00019,0
292.18,C=C(F)COc1ccc(Cl)cc1[C@H]1C[C@@H]1CN.Cl,'=',14670.0,ng/g,0.05020877541241701,0
372.5,Cc1cn(-c2ccc3c(c2)CCc2sc(Cc4ccccc4)nc2N3)cn1,'=',8900.0,nM,8.9,1
270.2,CN1C[C@H]2CCC[C@@]2(c2ccc(Cl)c(Cl)c2)C1,'=',11433.0,ng/g,0.042313101406365655,0
275.73,C=CCOc1cc(F)c(F)cc1C1CC1CN.Cl,'=',2228.0,ng/g,0.008080368476408079,0
388.25,Cc1cc(/C(=C/Nc2ccc(Cl)cc2)C(=O)Nc2ccc(Cl)cc2)on1,'=',1.0,uM,1.0,0
345.47,CC(C)Oc1cccc(-c2cnc(N3CCC(C(N)=O)CC3)s2)c1,'=',0.083,umol/Kg,8.3e-05,0
345.47,CC(C)Oc1cccc(-c2cnc(N3CCC(C(N)=O)CC3)s2)c1,'=',0.0,umol/Kg,0.0,0
369.85,O=C(N[C@H]1CCC[C@]2(CN=C(c3cccc(Cl)c3)O2)C1)c1ccccn1,'=',1165.0,nM,1.165,0
515.54,CC(C)(C)CC(c1ccc(CC(=O)O)cc1-c1ccc(C(F)(F)F)cc1)N1CCC(C(F)(F)F)CC1,'=',26.0,uM,26.0,1
468.43,NC1=N[C@](c2ccc(OC(F)F)cc2)(c2cccc(OCCCF)c2)C2=NCC(F)(F)CN12,'=',4.0,uM,4.0,1
489.58,COc1cc([C@@H]2CCN(CCO)C[C@@H]2O)ccc1Nc1ncc2ccc(-c3ccccc3OC)n2n1,'=',2522.0,ng/g,0.005151354221986193,0
389.39,FCC[C@H]1C[C@@H]1c1cncc(N2C[C@H]3CNC[C@H]3C2)c1.O=C(O)C(F)(F)F,'=',256.0,ng/ml,0.0006574385577441639,0
552.51,Cn1nc(C2CCN(CCC(=O)N3CCC[C@H]3c3nc4cc(Cl)c(Cl)cc4[nH]3)CC2)cc1-c1ccncc1,'=',4.0,nM,0.004,0
338.72,COc1ccc(-n2c(-c3c(F)cc(F)cc3F)cnc2Cl)cc1,'=',210.0,nM,0.21,0
405.48,COc1nc(C2=NOC[C@H](c3cc4ccccc4s3)N2)ccc1-n1cnc(C)c1,'=',30.2,uM,30.2,1
412.43,Cn1ccc(-c2cc(Nc3ccc(-n4cnc(-c5ccccn5)n4)cc3)ncc2F)n1,'=',0.74,uM,0.74,0
416.38,C[C@@H]1NC(c2ccc(=O)n(C(F)F)c2)=N[C@@]1(c1ccc(F)cc1)c1ccc(F)nc1,'=',4.0,nmol/g,0.004,0
381.91,O=c1[nH]c(CCCN2CCC(c3ccccc3)CC2)nc2c(Cl)cccc12,'=',3.9,ug/g,0.010211830012306564,0
360.83,Nc1scc2c(C(=O)NC3CC3)nn(-c3ccc(Cl)cc3)c(=O)c12,'=',1299.0,ng/g,0.00360003325665826,0
477.49,COc1cc(Nc2cccn3c(C)c(-c4ccccc4C(F)(F)F)nc23)ccc1-n1cnc(C)c1,'=',1.2,uM,1.2,0
423.92,O=c1[nH]c(C2=C[C@@H](N3CCC(c4ccc(F)cc4)CC3)CC2)nc2c(Cl)cccc12,'=',12.5,ug/g,0.029486695602943952,0
520.51,CC(C)C[C@@H](NC(=O)CN)c1cccnc1N1CCN(C(=O)C(C)Cc2ccc(Cl)cc2Cl)CC1,'=',35.0,ng/g,6.72417436744731e-05,0
592.59,CC(C)C[C@H](NCCN)c1cccc(F)c1N1CCN(C(=O)[C@@H](Cc2ccc(Cl)cc2Cl)N2CCCC2=O)CC1,'=',53.0,ng/g,8.94378912907744e-05,0
403.41,COc1nn(-c2ccccn2)c2cc(-c3ccc([C@H]4C[C@@H]4C(=O)O)cc3)cc(F)c12,'=',147.0,uM,147.0,1
292.18,C=C(F)COc1ccc(Cl)cc1[C@H]1C[C@@H]1CN.Cl,'=',17460.0,ng/g,0.059757683619686496,0
452.95,O=C(Nc1cnn(-c2cccc(C(=O)NCC3CCNCC3)c2)c1)Nc1ccccc1Cl,'=',60.0,nM,0.06,0
404.04,Fc1ccc(Br)c(F)c1-c1c(Cl)ncn1-c1ccc(Cl)cc1,'=',240.0,nM,0.24,0
339.17,Cc1ncn(-c2ccc(Cl)cc2)c1-c1c(F)ccc(Cl)c1F,'=',600.0,nM,0.6,0
436.49,Cc1cccc(NC(=O)c2cccc(-n3ncc4cc(Nc5ccccc5F)ccc43)c2)c1,'=',0.03,uM,0.03,0
275.73,C=CCOc1cc(F)c(F)cc1C1CC1CN.Cl,'=',8480.0,ng/g,0.03075472382403075,0
340.21,Cl.O=c1[nH]nc2c(NCCCc3ccncc3)cc(Cl)cn12,'=',214.13,ng/g,0.0006294053672731549,0
406.44,O/N=c1\cc(-c2cc3cccn3cn2)oc2ccc(OCCN3CCOCC3)cc12,'=',390.0,ng/g,0.000959551225273103,0
620.74,CCCN(CCC)C(=O)c1cc(C)cc(C(=O)N[C@@H](Cc2cc(F)cc(F)c2)[C@H](O)[C@@H]2NCCN(Cc3ccccc3)C2=O)c1,'=',200.0,ng/g,0.0003221960885394851,0
270.2,CN1C[C@H]2CCC[C@@]2(c2ccc(Cl)c(Cl)c2)C1,'=',1531.0,ng/g,0.005666173205033309,0
317.9,CC(N(C)C)C1(c2ccc3ccccc3c2)CCCCC1.Cl,'=',564.0,ng/g,0.0017741428122050962,0
446.42,CCC1(CCCCN2CCN(c3ccc(Cl)c(Cl)c3)CC2)C(=O)Nc2ccccc21,'=',223.0,nM,0.223,0
565.08,CC(C)C[C@H](N)c1cc(C(F)(F)F)ccc1N1CCN(C(=O)[C@@H](Cc2ccc(Cl)cc2)N2CCCC2=O)CC1,'=',154.0,ng/g,0.00027252778367664756,0
536.53,Cn1cc(/C=C/C(=O)NS(=O)(=O)c2cc(F)c(F)cc2F)c2c(Oc3ccc4ccccc4c3)cccc21,'=',29.1,ng/ml,5.423741449685945e-05,0
425.49,COc1cccc(-c2cn3cccc(Nc4ccc(-n5cnc(C)c5)c(OC)c4)c3n2)c1,'=',3.0,uM,3.0,1
428.47,COc1cc(Nc2cccc3oc(Cc4ccc(F)cc4)nc23)ccc1-n1cnc(C)c1,'=',6.8,uM,6.8,1
375.48,CCCCc1cn2cccc(Nc3ccc(-n4cnc(C)c4)c(OC)c3)c2n1,'=',4.9,uM,4.9,1
367.41,CN1CCN(C)/C(=N/c2ccc([N+](=O)[O-])cc2C(=O)Nc2ccccc2)C1,'=',0.19,uM,0.19,0
672.99,CCO[C@@H]([C@H]1C[C@@H](C)[C@H]2[C@H](O1)[C@H](O)[C@@]1(C)[C@@H]3CC[C@H]4C(C)(C)[C@@H](O[C@H]5CN(C6CN(C)C6)CCO5)CC[C@@]45C[C@@]35CC[C@]21C)C(C)(C)O,'=',5.6,uM,5.6,1
510.21,O=C(Nc1ccc(Br)cc1)c1cccc(S(=O)(=O)Nc2ccc(Br)cc2)c1,'=',15.0,pmol/g,1.5e-05,0
284.23,CN1C[C@H]2CCCC[C@@]2(c2ccc(Cl)c(Cl)c2)C1,'=',294.0,ng/g,0.0010343735706997855,0
494.54,CCO/N=C(/c1ccc(F)c(F)c1)c1ccc(CN2CCC3(CC2)OCc2cn(C)c(=O)cc23)cn1,'=',0.052,nmol/g,5.2e-05,0
401.56,Cc1nc(N2CCCC2)ncc1-c1ccc2cc(CCN3CCC[C@H]3C)ccc2n1,'=',718.0,ng/g,0.0017880266958860444,0
397.53,Cc1c(-c2ccc3cc(CCN4CCC[C@H]4C)ccc3n2)cnn1-c1ccccn1,'=',1659.0,ng/g,0.004173269941891179,0
321.75,Nc1scc2c(C(=O)O)nn(-c3ccc(Cl)cc3)c(=O)c12,'=',121.0,ng/g,0.00037606837606837606,0
362.84,CCN(C)C(=O)c1nn(-c2ccc(Cl)cc2)c(=O)c2c(N)scc12,'=',122.0,ng/g,0.0003362363576231948,0
458.95,O=c1c2cc(-c3ccc(Cl)cc3)oc2ccn1-c1ccc2c(cnn2CCN2CCCC2)c1,'=',2253.0,ng/g,0.0049090314849112105,0
521.93,COc1nc(C2=NOC[C@@H]3[C@H](Oc4ccc(Cl)cc4C(F)(F)F)CCCN23)ccc1-n1cnc(C)c1,'=',36.0,uM,36.0,1
445.47,COc1cc(Nc2cccc3c2nc(-c2ccc(F)cc2F)n3C)ccc1-n1cnc(C)c1,'=',10.3,uM,10.3,1
385.42,COc1nn(-c2ccccn2)c2cc(-c3ccc([C@H]4C[C@@H]4C(=O)O)cc3)ccc12,'=',207.0,uM,207.0,1
429.41,COc1nc(-c2nc(Nc3cccc(C(F)(F)F)c3)n(C)n2)ccc1-n1cnc(C)c1,'=',3.0,uM,3.0,1
428.42,COc1cc(-c2nc(Nc3ccccc3C(F)(F)F)n(C)n2)ccc1-n1cnc(C)c1,'=',16.0,uM,16.0,1
224.27,CC(C)Cc1ccc([C@H](CF)C(=O)O)cc1,'=',232.38,ng/g,0.001036161769295938,0
224.27,CC(C)Cc1ccc([C@H](CF)C(=O)O)cc1,'=',516.3,ng/g,0.0023021358184331384,0
490.01,O=C(NCCCN1CCOCC1)c1ccc(-n2ncc3cc(Nc4ccccc4Cl)ccc32)cc1,'=',0.69,uM,0.69,0
673.93,CC(=O)O[C@@H]([C@H]1C[C@@H](C)[C@H]2[C@H](O1)[C@H](O)[C@@]1(C)[C@@H]3CC[C@H]4C(C)(C)[C@@H](O[C@H]5CN(C6COC6)CCO5)CC[C@@]45C[C@@]35CC[C@]21C)C(C)(C)O,'=',185.0,ng/g,0.00027450922202602645,0
429.41,COc1nc(-c2nc(Nc3ccccc3C(F)(F)F)n(C)n2)ccc1-n1cnc(C)c1,'=',2.64,uM,2.64,1
421.48,COc1cc(-c2nc(Nc3cc(N(C)C)ccc3F)n(C)n2)ccc1-n1cnc(C)c1,'=',0.74,uM,0.74,0
428.42,COc1cc(-c2nc(Nc3cccc(C(F)(F)F)c3)n(C)n2)ccc1-n1cnc(C)c1,'=',6.0,uM,6.0,1
360.44,O=C(O)C1CCN(c2ncc(-c3ccc4c(c3)OCCCO4)s2)CC1,'=',0.48,umol/Kg,0.00047999999999999996,0
345.47,CC(C)Oc1cccc(-c2cnc(N3CCC(C(N)=O)CC3)s2)c1,'=',0.023,umol/Kg,2.3e-05,0
341.41,O=C(Nc1ccc2sc(-c3cccc(F)c3)nc2c1)N1CCCC1,'=',2.28,uM,2.28,1
359.4,O=C(Nc1ccc2sc(-c3ccc(F)c(F)c3)nc2c1)N1CCCC1,'=',4.25,uM,4.25,1
442.57,CCOc1ccc(-n2ncc(-c3ccc4cc(CCN5CCC[C@H]5C)ccc4n3)c2C)nn1,'=',3242.0,ng/g,0.007325394852791649,0
575.45,O=C(NCC1c2ccccc2CCN1S(=O)(=O)c1ccc(Br)cc1OC(F)(F)F)C1CCCCC1,'=',1436.8,ng/g,0.002496828568946042,0
489.08,CNCCN[C@H](c1cccc(F)c1N1CCN(C(=O)[C@H](C)Cc2ccc(Cl)cc2)CC1)C(C)C,'=',62.0,ng/g,0.00012676862680951993,0
561.6,CC(C)C[C@H](NC(=O)CCN(C)C)c1cc(Cl)ccc1N1CCN(C(=O)[C@H](C)Cc2ccc(Cl)cc2)CC1,'=',177.0,ng/g,0.00031517094017094016,0
744.16,CN1CCN(CCOC(=O)N(c2cccc(Br)c2)c2nc(SCCN3CCOCC3)nc3c2cnn3CC(Cl)c2ccccc2)CC1,'=',6.4,nmol/g,0.0064,0
462.03,Cl.O=c1n(C[C@H](O)CO)c2ccccc2n1C1CCN(C[C@H]2[C@H]3CC[C@H](C3)C23CC3)CC1,'=',0.28,nmol/g,0.00028000000000000003,0
405.89,Cc1ccc(Oc2ccc(-c3ccn(CC4CC4)c(=O)c3C#N)cc2Cl)c(C)n1,'=',240.0,ng/g,0.0005912932075192786,0
488.59,Cc1nc(C(=O)N2CCCCC2CNC(=O)c2cccc3cccnc23)c(-c2ccc(F)cc2)s1,'=',0.06,uM,0.06,0
405.93,O=c1[nH]c(C2=C[C@@H](N3CCC(c4ccccc4)CC3)CC2)nc2c(Cl)cccc12,'=',19.8,ug/g,0.048776882713768385,0
379.89,O=c1[nH]c(CCCN2CC=C(c3ccccc3)CC2)nc2c(Cl)cccc12,'=',8.4,ug/g,0.022111663902708682,0
410.91,COc1ccccc1N1CCN(C(=O)c2cc(-c3ccc(Cl)cc3)n(C)n2)CC1,'=',1700.0,ng/g,0.0041371589885863085,0
325.3,Cc1cc(Oc2cncnc2)cc(C(=O)Nc2ccc(F)cn2)n1,'=',1.48,uM,1.48,0
422.54,CN1CCN(Cc2ccc(-c3cnc4[nH]cc(-c5cnc6[nH]ccc6c5)c4c3)cc2)CC1,'=',164.0,ng/g,0.00038812893453874187,0
438.41,O=S(=O)(c1ccc(C(F)(F)F)nc1)N1c2ccc(F)cc2-c2n[nH]cc2[C@H]1C1CC1,'=',1.0,uM,1.0,0
490.01,O=C(NCCCN1CCOCC1)c1cccc(-n2ncc3cc(Nc4ccccc4Cl)ccc32)c1,'=',0.57,uM,0.57,0
492.54,Cc1nc(C(=O)N2[C@H](CNc3ccc(C(F)(F)F)cn3)CCC[C@@H]2C)c(-c2ccc(F)cc2)s1,'=',14.3,uM,14.3,1
365.44,COc1cccc(C(=O)NCCN2CCN(c3ncccc3C#N)CC2)c1,'=',0.14,ug/g,0.00038309982486865155,0
465.6,CCc1cc2c(cc1-c1cnn(CCCN(C)C)c1)C(C)(C)c1[nH]c3cc(C#N)ccc3c1C2=O,'=',0.08,uM,0.08,0
359.59,Fc1ccc(Cl)c(F)c1-c1c(Cl)ncn1-c1ccc(Cl)cc1,'=',400.0,nM,0.4,0
615.78,CCSCc1ccc2c(c1)c1c3c(c4c5cc(CSCC)ccc5n5c4c1n2[C@H]1C[C@](O)(C(=O)OC)[C@]5(C)O1)CNC3=O,'=',594.0,ng/g,0.0009646302250803858,0
547.93,Cn1cc(C(=O)N2CCC(c3cc(F)ccc3F)(S(=O)(=O)c3ccc(Cl)cc3)CC2)c(C(F)(F)F)n1,'=',0.52,uM,0.52,0
421.55,CN1CCN(Cc2ccc(-c3cnc4[nH]cc(-c5ccc6[nH]ccc6c5)c4c3)cc2)CC1,'=',2833.0,ng/g,0.006720436484402799,0
474.91,FC(F)(F)Oc1ccc(CN2CCC3(CC2)OC(c2cc(Cl)ccn2)c2ccccc23)cc1,'=',0.52,uM,0.52,0
514.48,COc1cc(-n2cnc(C)c2)ccc1-c1cn([C@H]2CCc3c(F)cccc3N(CC(F)(F)F)C2=O)nn1,'=',2.0,uM,2.0,1
412.55,COc1ccc(C2CN(C)Cc3cc(OCCCN4CCC(F)CC4)ccc32)cc1,'=',6.1,uM,6.1,1
446.42,CCC1(CCCCN2CCN(c3ccc(Cl)cc3)CC2)C(=O)Nc2ccc(Cl)cc21,'=',23.0,nM,0.023,0
446.42,CCC1(CCCCN2CCN(c3ccc(Cl)c(Cl)c3)CC2)C(=O)Nc2ccccc21,'=',1154.0,nM,1.154,0
807.0,CCCC[C@H](OC(=O)CN1CCN(C)CC1)c1ccccc1C(=O)O[C@H]1CO[C@H]2[C@@H]1OC[C@H]2OC(=O)c1ccccc1[C@H](CCCC)OC(=O)CN1CCN(C)CC1,'=',54.3,ng/ml,6.728624535315985e-05,0
807.0,CCCC[C@H](OC(=O)CN1CCN(C)CC1)c1ccccc1C(=O)O[C@H]1CO[C@H]2[C@@H]1OC[C@H]2OC(=O)c1ccccc1[C@H](CCCC)OC(=O)CN1CCN(C)CC1,'=',173.7,ng/ml,0.00021524163568773232,0
303.31,C[C@@H]1CN(Cc2ccc(-c3ccc(F)cc3F)cc2)C(=O)O1,'=',2230.0,ng/g,0.007352213906564241,0
387.8,C[C@@H]1CN(c2cccnc2F)C(=O)c2cc(COc3ccc(Cl)cn3)nn21,'=',9.36,uM,9.36,1
526.49,Nc1nc(OC(c2ccc(-c3cccc(F)c3)cc2)C(F)(F)F)cc(-c2ccc(C[C@H](N)C(=O)O)cc2)n1,'=',6.15,nM,0.00615,0
502.45,Cc1cn(-c2ccc(-c3cn([C@H]4CCc5c(F)cccc5N(CC(F)(F)F)C4=O)nn3)c(F)c2)cn1,'=',14.0,uM,14.0,1
731.09,CS(=O)(=O)NCCCn1c(C(=O)N2CCC(C(N)=O)(N3CCC(F)(F)CC3)CC2)cc(-c2ccc(Cl)cc2Cl)c1-c1ccc(Cl)cc1,'=',6.4,ng/g,8.754052168679644e-06,0
446.42,CCC1(CCCCN2CCN(c3ccc(Cl)cc3)CC2)C(=O)Nc2ccc(Cl)cc21,'=',17.0,nM,0.017,0
661.97,CCO[C@@H]([C@H]1C[C@@H](C)[C@H]2[C@H](O1)[C@H](O)[C@@]1(C)[C@@H]3CC[C@H]4C(C)(C)[C@@H](O[C@H]5CN(CCOC)CCO5)CC[C@@]45C[C@@]35CC[C@]21C)C(C)(C)O,'=',9.0,nM,0.009,0
509.48,C[C@H](CCCN(C)S(C)(=O)=O)N(c1cc(Cl)ccc1CO)S(=O)(=O)c1ccc(Cl)cc1,'=',759.0,nM,0.759,0
403.91,O=c1[nH]c(C2=C[C@@H](N3CC=C(c4ccccc4)CC3)CC2)nc2c(Cl)cccc12,'=',2.0,ug/g,0.0049515981282959075,0
406.92,O=c1[nH]c(C2=CC(N3CCN(c4ccc(Cl)cc4)CC3)CC2)nc2ccccc12,'=',1.3,ug/g,0.0031947311510862088,0
423.92,O=c1[nH]c(C2=C[C@@H](N3CCC(c4ccc(F)cc4)CC3)CC2)nc2c(Cl)cccc12,'=',6.7,ug/g,0.015804868843177958,0
421.9,O=c1[nH]c(C2=CC(N3CC=C(c4ccc(F)cc4)CC3)CC2)nc2c(Cl)cccc12,'=',0.4,ug/g,0.0009480919649205974,0
270.2,CN1C[C@H]2CCC[C@@]2(c2ccc(Cl)c(Cl)c2)C1,'=',113.0,ng/g,0.00041820873427091045,0
367.46,Cc1cc2c3ccccc3nc(CCc3nc(-c4ccccc4)cn3C)n2n1,'=',98.0,ng/ml,0.0002666956947694987,0
385.46,Cc1ncn(-c2ccc(Nc3ncc4cccc(-c5nccs5)c4n3)cc2)n1,'=',4.5,uM,4.5,1
359.43,CCCCn1ccc(-c2ccc(Oc3cccnc3C)cc2)c(C#N)c1=O,'=',100.0,ng/g,0.00027821829007038926,0
474.91,FC(F)(F)Oc1ccc(CN2CCC3(CC2)OC(c2cc(Cl)ccn2)c2ccccc23)cc1,'=',0.11,uM,0.11,0
617.91,CCO[C@@H]([C@H]1C[C@@H](C)[C@H]2[C@H](O1)[C@H](O)[C@@]1(C)[C@@H]3CC[C@H]4C(C)(C)[C@@H](O[C@H]5CN(C)CCO5)CC[C@@]45C[C@@]35CC[C@]21C)C(C)(C)O,'=',16.0,nM,0.016,0
532.6,CC(C)(C)c1cccc(CN[C@H]2CS(=O)(=O)C[C@@H](Cc3cc(F)c(N)c(OCC(F)(F)F)c3)[C@@H]2O)c1,'=',1.19,nmol/g,0.0011899999999999999,0
515.54,CC(C)(C)CC(c1ccc(CC(=O)O)cc1-c1ccc(C(F)(F)F)cc1)N1CCC(C(F)(F)F)CC1,'=',9.0,uM,9.0,1
444.42,COc1cc(-c2nc(Nc3cccc(OC(F)(F)F)c3)n(C)n2)ccc1-n1cnc(C)c1,'=',8.6,uM,8.6,1
270.2,CN1C[C@H]2CCC[C@@]2(c2ccc(Cl)c(Cl)c2)C1,'=',4762.0,ng/g,0.0176239822353812,0
387.48,COc1ccc(C(=O)NCc2cc(C(C)C)no2)cc1OC1CCN(C)CC1,'=',3.3,ng/g,8.516568597088881e-06,0
224.27,CC(C)Cc1ccc([C@H](CF)C(=O)O)cc1,'=',949.69,ng/g,0.004234583314754537,0
426.46,CC1CN(C(=O)CO/N=C/c2ccc(OC(F)F)c(OC3CCCC3)c2)CC(C)O1,'=',303.0,ng/g,0.0007105003986305866,0
517.68,CC(C)CCN(Cc1ccc(CC(=O)O)cc1-c1ccc(C(F)(F)F)cc1)[C@H]1CC[C@H](C(C)(C)C)CC1,'=',7.0,uM,7.0,1
543.59,CC(C)CCC(c1ccc(C(C)(C)C(=O)O)cc1-c1ccc(C(F)(F)F)cc1)N1CCC(C(F)(F)F)CC1,'=',13.0,uM,13.0,1
517.0,C[C@@]1(N)C[C@H](C(=O)N2CCC(c3ccnn3-c3ccc(F)c(Cl)c3)CC2)[C@@H](c2ccc(F)cc2F)C1,'=',6.0,nM,0.006,0
398.98,CC(C)[C@H](NC(=O)CCN1CCC(c2ccccc2)CC1)c1ccc(Cl)cc1,'=',3449.0,nM,3.449,1
443.98,CS(=O)(=O)N1CCC(CN(Cc2ccc(Cl)cc2)Cc2ccc([N+](=O)[O-])s2)C1,'=',1.3,uM,1.3,0
512.54,COc1cc(NC(=O)c2cccc(-n3ncc4cc(Nc5ccccc5F)ccc43)c2)cc(OC)c1OC,'=',0.05,uM,0.05,0
308.68,CNCC1(c2ccc(Cl)c(Cl)c2)CCCCC1.Cl,'=',2166.0,ng/g,0.007016975508617338,0
465.6,CCc1cc2c(cc1-c1cnn(CCCN(C)C)c1)C(C)(C)c1[nH]c3cc(C#N)ccc3c1C2=O,'=',0.12,uM,0.12,0
280.17,Cl.NC[C@H]1C[C@@H]1c1cc(Cl)ccc1OCCF,'=',12795.0,ng/g,0.045668701145732946,0
224.27,CC(C)Cc1ccc([C@H](CF)C(=O)O)cc1,'=',982.12,ng/g,0.00437918580282695,0
224.27,CC(C)Cc1ccc([C@H](CF)C(=O)O)cc1,'=',1156.67,ng/g,0.005157488741249387,0
438.41,O=S(=O)(c1ccc(C(F)(F)F)nc1)N1c2ccc(F)cc2-c2n[nH]cc2[C@H]1C1CC1,'=',0.045,uM,0.045,0
455.41,O=S(=O)(c1ccc(C(F)(F)F)cc1)N1c2cc(F)c(F)cc2-c2n[nH]cc2[C@H]1C1CC1,'=',0.12,uM,0.12,0
385.47,CN1CC(c2c[nH]c3cc(-n4ccc(OCc5ccccc5)cc4=O)ccc23)C1,'=',148.0,ng/g,0.0003839468700547383,0
385.47,CN1CC(c2c[nH]c3cc(-n4ccc(OCc5ccccc5)cc4=O)ccc23)C1,'=',1582.0,ng/g,0.004104080732612135,0
385.47,CN1CC(c2c[nH]c3cc(-n4ccc(OCc5ccccc5)cc4=O)ccc23)C1,'=',144.0,ng/g,0.0003735699276208265,0
495.48,CC(C)(C)c1cccc(CN[C@H]2CS(=O)(=O)C[C@@H](Cc3ccc(N)c(Br)c3)[C@@H]2O)c1,'=',2.17,nmol/g,0.00217,0
439.5,Cc1nc(C)n(-c2ccc(Nc3cc(-c4nn(C)cc4-c4ccc(F)cc4)ccn3)cc2)n1,'=',1.4,uM,1.4,0
532.6,CC(C)(C)c1cccc(CN[C@H]2CS(=O)(=O)C[C@@H](Cc3cc(F)c(N)c(OCC(F)(F)F)c3)[C@@H]2O)c1,'=',0.08,nmol/g,8e-05,0
532.6,CC(C)(C)c1cccc(CN[C@H]2CS(=O)(=O)C[C@@H](Cc3cc(F)c(N)c(OCC(F)(F)F)c3)[C@@H]2O)c1,'=',0.55,nmol/g,0.00055,0
405.89,Cc1ccc(Oc2ccc(-c3ccn(CC4CC4)c(=O)c3C#N)cc2Cl)c(C)n1,'=',357.0,ng/g,0.000879548646184927,0
487.96,Cn1cc(-c2ccc3cnc(Nc4ccc(-n5cnc(N6CCOCC6)n5)cc4)nc3c2Cl)cn1,'=',8.3,uM,8.3,1
467.54,Cc1c(-c2cnn(C)c2)ccc2cnc(Nc3ccc(-n4cnc(N5CCOCC5)n4)cc3)nc12,'=',7.6,uM,7.6,1
410.91,COc1ccccc1N1CCN(C(=O)c2cc(-c3ccc(Cl)cc3)nn2C)CC1,'=',830.0,ng/g,0.002019907035603903,0
414.58,c1ccc(C2CN(c3nnc(N4CCC(N5CCCCC5)CC4)s3)CCO2)nc1,'=',24.0,ng/g,5.7889912682715036e-05,0
410.59,C1=C(c2ccccn2)CCCN1c1nnc(N2CCC(N3CCCCC3)CC2)s1,'=',1039.0,ng/g,0.0025305048832168346,0
527.55,O=C(O)Cc1ccc(C(C2CCCCC2)N2CCC(C(F)(F)F)CC2)c(-c2ccc(C(F)(F)F)cc2)c1,'=',10.0,uM,10.0,1
324.22,O=C1CC(=O)CC(c2cc(C(F)(F)F)cc(C(F)(F)F)c2)C1,'=',579.0,uM,579.0,1
406.92,O=c1[nH]c(C2=CC(N3CCN(c4ccc(Cl)cc4)CC3)CC2)nc2ccccc12,'=',2.2,ug/g,0.0054064681018381995,0
375.52,Cc1nc(SCc2cc(N3CCOCC3)cc(NCC#N)n2)sc1C,'=',4.7,nmol/g,0.0047,0
493.58,Cn1cc(-c2ccc3cnc(Nc4ccc(-n5cnc(N6CCOCC6)n5)cc4)nc3c2C2CC2)cn1,'=',5.0,uM,5.0,1
393.45,Cc1ccc(-c2cccc3cnc(Nc4ccc(-n5cnc(C)n5)cc4)nc23)cn1,'=',0.23,uM,0.23,0
483.54,COc1c(-c2cnn(C)c2)ccc2cnc(Nc3ccc(-n4cnc(N5CCOCC5)n4)cc3)nc12,'=',4.9,uM,4.9,1
396.53,COc1ccc(C2CN(C)Cc3cc(OCCCN4CCOCC4)ccc32)cc1,'=',12.5,uM,12.5,1
684.81,COC[C@H]1CCCN1C(=O)c1cc(C)cc(C(=O)N[C@@H](Cc2cc(F)cc(F)c2)[C@H](O)[C@H]2CN(S(=O)(=O)c3cccc(C)c3)CCN2)c1,'=',248.0,ng/g,0.00036214424438895466,0
224.27,CC(C)Cc1ccc([C@H](CF)C(=O)O)cc1,'=',24.69,ng/g,0.00011009051589601819,0
557.82,CC(C)c1ccc2c(c1)[C@@H](NC[C@@H](O)[C@@H]1C[C@H](C)CCCCCCCCC(=O)N(C)[C@@H](C)C(=O)N1)CC(C)(C)O2,'=',0.53,umol/Kg,0.00053,0
465.6,CCc1cc2c(cc1-c1cnn(CCCN(C)C)c1)C(C)(C)c1[nH]c3cc(C#N)ccc3c1C2=O,'=',0.03,uM,0.03,0
439.48,c1cc(-n2cnc(N3CCOCC3)n2)ccc1Nc1ncc2ccc(-c3cn[nH]c3)cc2n1,'=',1.31,uM,1.31,0
516.01,CC(C)n1cc(-c2ccc3cnc(Nc4ccc(-n5cnc(N6CCOCC6)n5)cc4)nc3c2Cl)cn1,'=',7.2,uM,7.2,1
449.52,c1ccc(-c2cccc3cnc(Nc4ccc(-n5cnc(N6CCOCC6)n5)cc4)nc23)cc1,'=',12.7,uM,12.7,1
398.43,Cc1ncn(-c2ccc(Nc3cc(-c4nocc4-c4cnn(C)c4)ccn3)cc2)n1,'=',0.6,uM,0.6,0
398.98,CC(C)[C@H](NC(=O)CCN1CCC(c2ccccc2)CC1)c1ccc(Cl)cc1,'=',383.0,nM,0.383,0
292.64,Cl.Clc1ccc([C@@]23CCC[C@@H]2CNC3)cc1Cl,'=',1747.0,ng/g,0.005969792236194643,0
371.83,CN1CC(N)=NC(C)(c2cccc(NC(=O)c3ccc(Cl)cn3)c2)C1=O,'=',184.0,ng/g,0.0004948497969502191,0
376.29,Oc1cc(NCCCNCc2cc(Cl)cc(Cl)c2)nc2ccccc12,'<',0.003,uM,0.003,0
539.61,CC1CCN(C(c2ccc(F)cc2)c2ccc(C(CC3CC3)C(=O)O)cc2-c2ccc(C(F)(F)F)cc2)CC1,'=',11.8,uM,11.8,1
489.58,COc1cc([C@H]2CCN(CCO)C[C@@H]2O)ccc1Nc1ncc2ccc(-c3ccccc3OC)n2n1,'=',1275.0,ng/g,0.0026042730503697048,0
489.58,COc1cc(C2CCN(CCO)CC2O)ccc1Nc1ncc2ccc(-c3ccccc3OC)n2n1,'=',2214.0,ng/g,0.004522243555700805,0
457.5,Cc1nc2cccc(C(F)(F)F)c2c(=O)n1-c1ccc(OC2CCN(C3CCC3)CC2)cc1,'=',0.031,nmol/g,3.1e-05,0
422.93,COc1ccc(CN([C@@H]2CCCCNC2=O)S(=O)(=O)c2ccc(Cl)cc2)cc1,'=',2200.0,nM,2.2,1
600.6,CC(C)(C)c1cccc(CN[C@H]2CS(=O)(=O)C[C@@H](Cc3cc(F)c(N)c(OC(C(F)(F)F)C(F)(F)F)c3)[C@@H]2O)c1,'=',0.02,nmol/g,2e-05,0
371.5,Cc1cc(N)nc(C[C@@H]2CNC[C@@H]2NCCNCCc2cccc(F)c2)c1,'=',39.0,nM,0.039,0
232.19,O=C1NC(=O)/C(=C/c2cccc3c2OCO3)N1,'<',50.0,ng/ml,0.00021534088462035403,0
477.56,Cc1nc(C(=O)N2CCCCC2CNC(=O)c2cccc3occc23)c(-c2ccc(F)cc2)s1,'=',18.7,uM,18.7,1
460.53,Cc1nc(-c2ccccc2)c(C(=O)N2CCCCC2CNc2ccc(C(F)(F)F)cn2)s1,'=',17.9,uM,17.9,1
502.62,Cc1nc(C(=O)N2[C@H](CNC(=O)c3cccc4cccnc34)CCC[C@@H]2C)c(-c2ccc(F)cc2)s1,'=',0.1,uM,0.1,0
517.51,CC(C)CC[C@H](c1ncc(C(F)(F)F)cn1)N1CC[C@@H](CC(=O)O)C[C@H]1c1ccc(C(F)(F)F)cc1,'=',4.2,uM,4.2,1
428.91,CCC[C@H](C(N)=O)N(Cc1ccc(OC)c(F)c1)S(=O)(=O)c1ccc(Cl)cc1,'=',380.0,nM,0.38,0
523.52,CC(C)CCN(Cc1ccc(CC(=O)O)cc1-c1ccc(C(F)(F)F)cc1)c1ccc(C(F)(F)F)cc1,'=',0.6,uM,0.6,0
381.45,Nc1nc(N)c2c(OCC3CCN(Cc4ccccc4F)CC3)cccc2n1,'=',1133.0,ng/g,0.002970245117315507,0
415.45,Cc1cn(-c2ccc(Nc3cccc4c3nc(-c3ccc(F)cc3)n4C)cc2F)cn1,'=',12.6,uM,12.6,1
506.62,Cc1cc(N)nc(C[C@@H]2CNC[C@@H]2OCCN(CCc2cccc(F)c2)C(=O)OCc2ccccc2)c1,'=',9.0,nM,0.009,0
498.84,N#Cc1ccc(C(=O)NC[C@@H]2CC[C@@H](c3ccc(Cl)cc3Cl)N(c3ccc(Cl)cc3)C2)cc1,'=',12.0,ng/g,2.4055809477988934e-05,0
306.14,Cl.O=C(O)c1cc([C@H]2CCN[C@@H]2C(=O)O)ccc1Cl,'=',0.1,nmol/g,0.0001,0
413.49,Cc1ncn(-c2ccc(Nc3nccc(-c4cccc(N5CCOCC5)c4)n3)cc2)n1,'=',6.2,uM,6.2,1
356.47,CCN(c1ccc(OCC(C)C)c(C(C)C)c1)c1ccc(C(=O)O)cn1,'=',2570.0,ng/ml,0.0072095828540971185,0
452.95,O=C(Nc1cnn(-c2cccc(C(=O)NCC3CCNCC3)c2)c1)Nc1ccccc1Cl,'=',40.0,nM,0.04,0
258.73,O=S1(=O)NCN(C2CC2)c2ccc(Cl)cc21,'=',72.7,ng/g,0.0002809879024465659,0
416.43,C[C@H](NC(=O)Cc1cc(F)cc(F)c1)C(=O)NC1C(=O)N(C)NCc2ccccc21,'=',6.0,nM,0.006,0
461.91,CN1C(=O)[C@@H](N2CCc3c(nn(Cc4ccccc4)c3Cl)C2=O)COc2cc(C#N)ccc21,'=',1.038,ug/g,0.002247191011235955,0
397.91,Nc1nc(N)c2c(OCC3CCN(Cc4cccc(Cl)c4)CC3)cccc2n1,'=',1518.0,ng/g,0.003814933025055917,0
451.57,CCCOc1ccc(OCC2Cc3ccccc3CN2C(=O)c2cccc3ccccc23)cc1,'=',0.4,uM,0.4,0
545.05,CC(C)(C)N1C[C@@H](C(=O)N2CCC(c3ccnn3-c3ccc(F)c(Cl)c3)CC2)[C@H](c2ccc(F)cc2F)C1,'=',21.0,nM,0.021,0
477.56,Cc1nc(C(=O)N2CC(F)CC[C@H]2CNC(=O)c2cccc3occc23)c(-c2ccccc2)s1,'=',0.5,uM,0.5,0
576.65,COC[C@@H](Oc1cc(C[C@@H]2CS(=O)(=O)C[C@H](NCc3cccc(C(C)(C)C)c3)[C@H]2O)cc(F)c1N)C(F)(F)F,'=',1.9,nmol/g,0.0019,0
514.63,COc1cccc(-n2cc3nc(-c4cccnc4C)n(C[C@H]4CCCN(C[C@H]5CCCO5)C4)c(=O)c3n2)c1,'=',0.24,uM,0.24,0
465.02,CCCCNC(=O)N1CCC(CN(Cc2ccc(Cl)cc2)Cc2ccc([N+](=O)[O-])s2)C1,'=',0.24,uM,0.24,0
284.23,CN1C[C@H]2CCCC[C@@]2(c2ccc(Cl)c(Cl)c2)C1,'=',440.0,ng/g,0.0015480420785983183,0
454.92,COc1cc(N2CCOCC2)ccc1Nc1ncc(Cl)c(Nc2ccccc2C(N)=O)n1,'=',0.93,uM,0.93,0
428.47,COc1nc(Nc2cccc3c2nc(-c2ccc(F)cc2)n3C)ccc1-n1cnc(C)c1,'=',21.9,uM,21.9,1
436.56,COc1cc(N2CCCNCC2)ccc1-c1nc2c(C)nn(C3CCCCC3)c(=O)c2[nH]1,'=',39.0,ng/g,8.933479934029687e-05,0
528.46,CC(C)CC(C(=O)O)c1cc(OCc2ccc(F)cc2C(F)(F)F)cc(-c2ccc(C(F)(F)F)cc2)c1,'=',5.1,uM,5.1,1
553.52,CC(C(=O)O)c1ccc(C(c2ccc(F)cc2)N2CCC(C(F)(F)F)CC2)c(-c2ccc(C(F)(F)F)cc2)c1,'=',14.4,uM,14.4,1
499.55,CC1CCN(C(c2ccc(F)cc2)c2ccc(C(C)C(=O)O)cc2-c2ccc(C(F)(F)F)cc2)CC1,'=',18.4,uM,18.4,1
549.56,CC1CCN(C(c2ccc(C(F)(F)F)cc2)c2ccc(C(C)C(=O)O)cc2-c2ccc(C(F)(F)F)cc2)CC1,'=',14.0,uM,14.0,1
436.56,COc1cc(N2CCC(N)CC2)ccc1-c1nc2c(C)nn(C3CCCCC3)c(=O)c2[nH]1,'=',46.0,ng/g,0.00010536925050393988,0
515.54,CC(C)CCC(c1ccc(CC(=O)O)cc1-c1ccc(C(F)(F)F)cc1)N1CCC(C(F)(F)F)CC1,'=',17.0,uM,17.0,1
529.57,CC(C)CCC(c1ccc(C(C)C(=O)O)cc1-c1ccc(C(F)(F)F)cc1)N1CCC(C(F)(F)F)CC1,'=',13.0,uM,13.0,1
571.65,CC(C)CCC(c1ccc(C(CC(C)C)C(=O)O)cc1-c1ccc(C(F)(F)F)cc1)N1CCC(C(F)(F)F)CC1,'=',4.0,uM,4.0,1
308.68,CNCC1(c2ccc(Cl)c(Cl)c2)CCCCC1.Cl,'=',7464.0,ng/g,0.024180380977063626,0
532.6,CC(C)(C)c1cccc(CN[C@H]2CS(=O)(=O)C[C@@H](Cc3cc(F)c(N)c(OCC(F)(F)F)c3)[C@@H]2O)c1,'=',0.11,nmol/g,0.00011,0
532.6,CC(C)(C)c1cccc(CN[C@H]2CS(=O)(=O)C[C@@H](Cc3cc(F)c(N)c(OCC(F)(F)F)c3)[C@@H]2O)c1,'=',0.01,nmol/g,1e-05,0
600.6,CC(C)(C)c1cccc(CN[C@H]2CS(=O)(=O)C[C@@H](Cc3cc(F)c(N)c(OC(C(F)(F)F)C(F)(F)F)c3)[C@@H]2O)c1,'=',0.01,nmol/g,1e-05,0
514.61,CC(C)(C)c1cccc(CN[C@H]2CS(=O)(=O)C[C@@H](Cc3cc(F)c(N)c(OCC(F)F)c3)[C@@H]2O)c1,'=',2.1,nmol/g,0.0021000000000000003,0
401.51,COc1ccc(C(=O)NCc2cc(C(C)C)no2)cc1OCCN1CCCCC1,'=',1.8,ng/g,4.483076386640432e-06,0
431.49,Nc1nc(N)c2c(OCC3CCN(S(=O)(=O)c4ccccc4F)CC3)cccc2n1,'=',305.0,ng/g,0.0007068529977519758,0
431.49,Nc1nc(N)c2c(OCC3CCN(S(=O)(=O)c4ccccc4F)CC3)cccc2n1,'=',106.0,ng/g,0.0002456603861039653,0
617.87,CC(=O)O[C@@H]([C@H]1C[C@@H](C)[C@H]2[C@H](O1)[C@H](O)[C@@]1(C)[C@@H]3CC[C@H]4C(C)(C)[C@@H](O[C@H]5CNCCO5)CC[C@@]45C[C@@]35CC[C@]21C)C(C)(C)O,'=',1628.0,ng/g,0.002634858465372975,0
349.26,CN1CCc2ccccc2C1CNC(=O)c1ccc(Cl)c(Cl)c1,'=',11696.0,ng/g,0.0334879459428506,0
375.43,C[C@]12CCCO[C@@H]1[C@]1(COC(N)=N1)c1cc(-c3cccc(C#N)c3)ccc1O2,'=',13.0,nM,0.013,0
541.87,Cc1cc(C(=O)N[C@@H]2CC(C)(C)Oc3nc(-c4ccc(Cl)cc4Cl)c(-c4ccc(Cl)cc4)cc32)n[nH]1,'=',270.0,nM,0.27,0
545.05,CC(C)(C)N1C[C@@H](C(=O)N2CCC(c3ccnn3-c3ccc(F)c(Cl)c3)CC2)[C@H](c2ccc(F)cc2F)C1,'=',801.0,nM,0.801,0
578.54,C[C@@H](c1ccc(-c2ccccc2)cc1)[C@H](NC(=O)C(C)(C)N)C(=O)N1CCC[C@H]1c1nc2cc(Cl)c(Cl)cc2[nH]1,'=',757.0,nM,0.757,0
502.45,Cc1cn(-c2ccc(-c3cn([C@H]4CCc5c(F)cccc5N(CC(F)(F)F)C4=O)nn3)cc2F)cn1,'=',6.8,uM,6.8,1
584.6,CC(C)(C)c1cccc(CN[C@H]2C[S@+]([O-])C[C@@H](Cc3cc(F)c(N)c(OC(C(F)(F)F)C(F)(F)F)c3)[C@@H]2O)c1,'=',0.8,nmol/g,0.0008,0
541.87,Cc1cc(C(=O)N[C@@H]2CC(C)(C)Oc3nc(-c4ccc(Cl)cc4Cl)c(-c4ccc(Cl)cc4)cc32)n[nH]1,'=',1400.0,nM,1.4,0
359.5,COc1cccc(-c2nnc(N3CCC(N4CCCCC4)CC3)s2)n1,'=',1527.0,ng/g,0.004247566063977746,0
582.48,Cc1cn(-c2ccc(-c3cn([C@H]4CCc5c(F)cccc5N(CC(F)(F)F)C4=O)nn3)cc2OCC(F)(F)F)cn1,'=',0.51,uM,0.51,0
516.53,CC(C)CC[C@H](c1ccc(C(F)(F)F)nc1)N1CC[C@@H](CC(=O)O)C[C@H]1c1ccc(C(F)(F)F)cc1,'=',54.7,uM,54.7,1
454.46,COc1nc(-c2nc3n(n2)CCC[C@H]3c2ccccc2C(F)(F)F)ccc1-n1cnc(C)c1,'=',2.8,uM,2.8,1
542.62,Cc1cc(C2CCN(C(=O)[C@@H]3CN(C(C)(C)C)C[C@H]3c3ccc(F)cc3F)CC2)n(-c2ccc(F)c(F)c2)n1,'=',1177.0,nM,1.177,0
359.43,CCCCn1ccc(-c2ccc(Oc3ccnc(C)c3)cc2)c(C#N)c1=O,'=',994.0,ng/g,0.002765489803299669,0
407.9,CCCCn1ccc(-c2ccc(Oc3ccc(C)nc3C)c(Cl)c2)c(C#N)c1=O,'=',830.0,ng/g,0.0020348124540328512,0
308.43,Cc1ccc(C(=O)NCC2c3ccccc3CCN2C)cc1C,'=',7424.0,ng/g,0.024070291476185845,0
376.46,COc1cc(Nc2cccc3oc(CC(C)C)nc23)ccc1-n1cnc(C)c1,'=',10.0,uM,10.0,1
425.49,COc1cccc(-n2cc3cccc(Nc4ccc(-n5cnc(C)c5)c(OC)c4)c3n2)c1,'=',6.9,uM,6.9,1
377.42,CCCCn1ccc(-c2ccc(Oc3ccnc(C)c3)c(F)c2)c(C#N)c1=O,'=',1280.0,ng/g,0.00339144719410736,0
561.6,CC(C)C[C@H](NC(=O)CCN(C)C)c1cc(Cl)ccc1N1CCN(C(=O)[C@H](C)Cc2ccc(Cl)cc2)CC1,'=',800.0,ng/g,0.0014245014245014246,0
512.9,CC(C)CC(C(=O)O)c1cc(OCc2cc(F)cc(F)c2)cc(-c2ccc(Cl)c(C(F)(F)F)c2)c1,'=',6.5,uM,6.5,1
531.02,Cc1cc(C2CCN(C(=O)[C@@H]3C[C@@](C)(N)C[C@H]3c3ccc(F)cc3F)CC2)n(-c2ccc(F)c(Cl)c2)n1,'=',363.0,nM,0.363,0
388.25,Cc1cc(/C(=C/Nc2ccc(Cl)cc2)C(=O)Nc2ccc(Cl)cc2)on1,'=',0.3,uM,0.3,0
549.54,CNCC(=O)N[C@H](c1cc(Cl)ccc1N1CCN(C(=O)[C@H](C)Cc2ccc(Cl)cc2OC)CC1)C(C)C,'=',102.0,ng/g,0.000185609782727372,0
545.1,COc1cc(Cl)ccc1C[C@@H](C)C(=O)N1CCN(c2c(F)cccc2[C@@H](NC(=O)C2CNC2)C(C)C)CC1,'=',32.0,ng/g,5.870482480278848e-05,0
372.83,C[C@@]1(c2cc(NC(=O)c3ccc(Cl)cn3)ccc2F)C[C@@H]2C[C@@H]2C(N)=N1,'=',32.0,ng/g,8.583000295040635e-05,0
403.49,COc1cc(Nc2cccn3cc(C4CCOCC4)nc23)ccc1-n1cnc(C)c1,'=',5.6,uM,5.6,1
436.91,Cn1ccc(-c2cc(Nc3ccc(-n4cnc(N5CCOCC5)n4)cc3)ncc2Cl)n1,'=',3.5,uM,3.5,1
292.64,Cl.Clc1ccc([C@@]23CCC[C@@H]2CNC3)cc1Cl,'=',14050.0,ng/g,0.048011208310552216,0
323.42,O=C(Nc1ccc2sc(-c3ccccc3)nc2c1)N1CCCC1,'=',4.24,uM,4.24,1
264.31,Cc1ncsc1C(CO[N+](=O)[O-])c1ccccc1,'=',9.5,ng/ml,3.594264310847111e-05,0
264.31,Cc1ncsc1C(CO[N+](=O)[O-])c1ccccc1,'=',9.5,ng/ml,3.594264310847111e-05,0
258.31,Cc1nn(-c2ccccn2)c(=O)c2c(N)scc12,'=',7.5,ng/g,2.9034880569857923e-05,0
460.91,NC(=O)[C@@H](CC1CC1)N(Cc1ccc(C(F)(F)F)cc1)S(=O)(=O)c1ccc(Cl)cc1,'=',6300.0,nM,6.3,1
320.37,C[C@@]1(c2cc(-c3cncnc3)c(F)cc2F)CCSC(N)=N1,'=',3.35,ug/g,0.010456659487467615,0
371.83,CN1C(=O)C[C@@](C)(c2cccc(NC(=O)c3ccc(Cl)cn3)c2)N=C1N,'=',586.0,ng/g,0.001575989027243633,0
625.61,Clc1cc2nc([C@@H]3CCCN3c3cc(N4CCCC(N5CCc6c(cccc6-c6cccnc6)C5)C4)ncn3)[nH]c2cc1Cl,'=',108.0,nM,0.108,0
371.83,CN1CC(C)(c2cccc(NC(=O)c3ccc(Cl)cn3)c2)N=C(N)C1=O,'=',614.0,ng/g,0.0016512922572143186,0
391.42,O=C(Nc1ccc2sc(-c3ccc(F)c(F)c3)nc2c1)N1CCC(F)CC1,'=',2.52,uM,2.52,1
377.39,O=C(Nc1ccc2sc(-c3ccc(F)c(F)c3)nc2c1)N1CC[C@H](F)C1,'=',38.23,uM,38.23,1
560.65,COC[C@@H](Oc1cc(C[C@@H]2C[S@@+]([O-])C[C@H](NCc3cccc(C(C)(C)C)c3)[C@H]2O)cc(F)c1N)C(F)(F)F,'=',0.2,nmol/g,0.0002,0
495.41,Clc1cc2nc([C@@H]3CCCN3c3cc(N4CCO[C@@H](c5ccccc5)C4)ncn3)[nH]c2cc1Cl,'=',242.0,nM,0.242,0
379.86,Cc1nc(C)n(-c2ccc(Nc3cc(-c4ccn(C)n4)c(Cl)cn3)cc2)n1,'=',5.3,uM,5.3,1
439.52,COc1cccc(-n2nc3c(Nc4ccc(-n5cnc(C)c5)c(OC)c4)cccc3c2C)c1,'=',4.7,uM,4.7,1
333.4,COc1cc(Nc2cccn3cc(C)nc23)ccc1-n1cnc(C)c1,'=',13.6,uM,13.6,1
560.65,CN1CCN(c2ccc(C(=O)Nc3n[nH]c4ccc(Cc5cc(F)cc(F)c5)cc34)c(NC3CCOCC3)c2)CC1,'=',1.94,uM,1.94,0
445.49,Cn1cc(-c2ccc3cnc(Nc4ccc(-n5cnc(-c6ccccn6)n5)cc4)nc3c2)cn1,'=',1.37,uM,1.37,0
464.53,Cc1ccc(-c2cccc3cnc(Nc4ccc(-n5cnc(N6CCOCC6)n5)cc4)nc23)cn1,'=',0.15,uM,0.15,0
543.12,Cc1cccc(Nc2ccc3c(cnn3-c3cccc(C(=O)NCCN4CCN(C5CCC5)CC4)c3)c2)c1Cl,'=',3.9,uM,3.9,1
475.98,O=C(NCCN1CCOCC1)c1cccc(-n2ncc3cc(Nc4ccccc4Cl)ccc32)c1,'=',0.55,uM,0.55,0
487.63,Cc1cc2c(C(=O)NC[C@@H]3[C@H](C)CCCN3C(=O)c3nc(C)sc3-c3ccccc3)cccc2o1,'=',3.0,uM,3.0,1
464.57,Cc1nc(C(=O)N2[C@H](CNc3nc4ccccc4o3)CCC[C@@H]2C)c(-c2ccc(F)cc2)s1,'=',1.0,uM,1.0,0
375.84,CN1CC[C@@](C)(c2cc(NC(=O)c3ccc(Cl)cn3)ccc2F)N=C1N,'<',13.0,ng/g,3.4589186888037466e-05,0
517.09,CNCC(=O)N[C@H](c1cc(C)ccc1N1CCN(C(=O)[C@H](C)Cc2ccc(Cl)cc2F)CC1)C(C)C,'=',42.0,ng/g,8.12237714904562e-05,0
365.89,NC1=N[C@]23CC[C@H](NC(=O)c4cccc(Cl)c4)C[C@@H]2[C@@H](COC3)S1,'=',0.61,uM,0.61,0
426.49,Cc1nc2n(c(=O)c1CCN1CCC(c3noc4cc(F)ccc34)CC1)CC(O)CC2,'=',366.0,ng/g,0.000858167835119229,0
323.85,NC1=NC2CCC(NC(=O)c3cccc(Cl)c3)CC2CS1,'=',0.75,uM,0.75,0
368.38,CCOc1ccc(-c2cnc(NC)c(C(=O)c3ccc(F)c(F)c3)c2)cc1,'=',0.26,uM,0.26,0
673.93,CC(=O)O[C@@H]([C@H]1C[C@@H](C)[C@H]2[C@H](O1)[C@H](O)[C@@]1(C)[C@@H]3CC[C@H]4C(C)(C)[C@@H](O[C@H]5CN(C6COC6)CCO5)CC[C@@]45C[C@@]35CC[C@]21C)C(C)(C)O,'=',163.0,ng/g,0.00024186488210941793,0
244.26,C[C@@H](C(=O)O)c1ccc(-c2ccccc2)c(F)c1,'=',1.3,uM,1.3,0
325.17,O=C(O)C1(c2ccc(-c3ccc(Cl)c(Cl)c3)c(F)c2)CC1,'=',6.4,uM,6.4,1
478.85,C[C@H](Nc1c(-c2c(F)cc(OCCCN(C)C)cc2F)c(Cl)nc2ncnn12)C(F)(F)F,'=',1300.0,nM,1.3,0
615.78,CCSCc1ccc2c(c1)c1c3c(c4c5cc(CSCC)ccc5n5c4c1n2[C@H]1C[C@](O)(C(=O)OC)[C@]5(C)O1)CNC3=O,'=',463.0,ng/g,0.0007518919094481796,0
461.39,O=C(NCCC(O)CN1CCN(c2cccc(Cl)c2Cl)CC1)c1cc2ccccc2[nH]1,'=',9231.0,ng/g,0.020006935564273173,0
421.9,O=c1[nH]c(C2=CC(N3CC=C(c4ccc(F)cc4)CC3)CC2)nc2c(Cl)cccc12,'=',0.9,ug/g,0.002133206921071344,0
430.41,C[C@H](NC(=O)[C@H](O)c1cc(F)cc(F)c1)C(=O)N[C@@H]1C(=O)N(C)N=Cc2ccccc21,'=',202.0,nM,0.202,0
426.46,CC1CN(C(=O)CO/N=C/c2ccc(OC(F)F)c(OC3CCCC3)c2)CC(C)O1,'=',453.0,ng/g,0.001062233269239788,0
429.97,CCC1(CCCCN2CCN(c3ccc(Cl)cc3)CC2)C(=O)Nc2ccc(F)cc21,'=',186.0,nM,0.186,0
420.9,COc1ccc(CNc2c3c(nc4ccc(C#N)cc24)CCN(C(C)=O)C3)cc1Cl,'=',492.25,ng/g,0.0011695177001663105,0
531.32,O=C(c1ccc(F)c(F)c1Nc1ccc(I)cc1F)N1CC(O)([C@@H]2CCCCN2)C1,'<',0.004,uM,0.004,0
445.49,O=C(NCc1ccc(F)cc1)N1CCN2C(=O)OC(c3ccccc3)(c3ccccc3)C2C1,'=',2.0,uM,2.0,1
356.47,CCN(c1ccc(C(C)C)c(OCC(C)C)c1)c1ccc(C(=O)O)cn1,'=',978.0,ng/ml,0.002743568883777036,0
545.49,Cc1c(P(=S)(c2ccccc2)c2ccccc2)n2ccccc2[n+]1C/C=C/c1ccccc1.[Br-],'=',53.0,nmol/g,0.053,0
549.54,CNCC(=O)N[C@H](c1cc(Cl)ccc1N1CCN(C(=O)[C@H](C)Cc2ccc(Cl)cc2OC)CC1)C(C)C,'=',334.0,ng/g,0.0006077810532445318,0
561.55,COc1cc(Cl)ccc1C[C@@H](C)C(=O)N1CCN(c2ccc(Cl)cc2[C@@H](NC(=O)C2CNC2)C(C)C)CC1,'=',39.0,ng/g,6.945062772682754e-05,0
367.41,CN1CCN(C)/C(=N/c2ccc([N+](=O)[O-])cc2C(=O)Nc2ccccc2)C1,'=',0.21,uM,0.21,0
672.99,CCO[C@@H]([C@H]1C[C@@H](C)[C@H]2[C@H](O1)[C@H](O)[C@@]1(C)[C@@H]3CC[C@H]4C(C)(C)[C@@H](O[C@H]5CN(C6CN(C)C6)CCO5)CC[C@@]45C[C@@]35CC[C@]21C)C(C)(C)O,'=',52.0,nM,0.052,0
353.4,N#Cc1cccnc1N1CCN(CCNC(=O)c2ccc(F)cc2)CC1,'=',0.47,ug/g,0.0013299377475947934,0
420.51,COc1cc2nc(C3CC3)nc(N3CCN(c4ccccc4OC)CC3)c2cc1OC,'=',924.0,ng/ml,0.0021973318113719057,0
446.42,CCC1(CCCCN2CCN(c3ccc(Cl)c(Cl)c3)CC2)C(=O)Nc2ccccc21,'=',43.0,nM,0.043,0
322.71,CNC(C)C1(c2ccc(Cl)c(Cl)c2)CCCCC1.Cl,'=',7071.0,ng/g,0.021911313563261134,0
291.36,CC(C)Nc1c(C#N)cnc2cc(-c3cnn(C)c3)ccc12,'=',4.0,ng/ml,1.372872048325096e-05,0
448.39,O=C1CCc2ccc(OCCCCN3CCN(c4cccc(Cl)c4Cl)CC3)cc2N1,'=',41.0,ng/g,9.143825687459579e-05,0
375.43,C[C@]12CCCO[C@@H]1[C@]1(COC(N)=N1)c1cc(-c3cccc(C#N)c3)ccc1O2,'=',7.5,nM,0.0075,0
559.5,CCS(=O)(=O)c1ccc(CC(=O)Nc2nc(-c3cccc(Cl)c3)c(C(=O)c3ccccc3Cl)s2)cc1,'=',0.01,uM,0.01,0
450.97,O=C(NCCc1ccncc1)C1CCN(C(=O)c2cccn2Cc2ccc(Cl)cc2)CC1,'=',19.0,ng/g,4.213140563673858e-05,0
377.39,O=C(Nc1ccc2sc(-c3ccc(F)c(F)c3)nc2c1)N1CC[C@H](F)C1,'=',9.07,uM,9.07,1
339.17,Cc1cc(F)c(-c2c(Cl)ncn2-c2ccc(Cl)cc2)c(F)c1,'=',300.0,nM,0.3,0
603.89,CCO[C@@H]([C@H]1C[C@@H](C)[C@H]2[C@H](O1)[C@H](O)[C@@]1(C)[C@@H]3CC[C@H]4C(C)(C)[C@@H](O[C@H]5CNCCO5)CC[C@@]45C[C@@]35CC[C@]21C)C(C)(C)O,'=',320.0,nM,0.32,0
308.41,O=C(NCCc1nc(-c2ccccc2)cs1)c1ccccc1,'=',0.153,uM,0.153,0
307.35,O=C(Nc1ccc2oc(-c3ccccc3)nc2c1)N1CCCC1,'=',0.397,uM,0.397,0
395.38,O=C(Nc1ccc2sc(-c3ccc(F)c(F)c3)nc2c1)N1C[C@@H](F)[C@H](F)C1,'=',16.2,uM,16.2,1
206.28,CC(C)Cc1ccc([C@H](C)C(=O)O)cc1,'=',122.64,ng/g,0.0005945317044793485,0
206.28,CC(C)Cc1ccc([C@H](C)C(=O)O)cc1,'=',126.87,ng/g,0.0006150378126817918,0
414.49,COC1(c2sc3c(N4CCOCC4)nc(-c4cnc(N)nc4)nc3c2C)COC1,'=',3.64,uM,3.64,1
282.35,Nc1ncc(-c2ccccc2)nc1C(=O)NC1CCCC1,'=',1192.3,ng/g,0.0042227731538870186,0
180.16,CC(=O)Oc1ccccc1C(=O)O,'=',22.47,ng/ml,0.00012472246891651864,0
462.03,Cl.O=c1n(C(CO)CO)c2ccccc2n1C1CCN(C[C@H]2[C@H]3CC[C@H](C3)C23CC3)CC1,'=',0.25,nmol/g,0.00025,0
526.49,Nc1nc(OC(c2ccc(-c3cccc(F)c3)cc2)C(F)(F)F)cc(-c2ccc(C[C@H](N)C(=O)O)cc2)n1,'=',6.05,nM,0.00605,0
448.39,O=C1CCc2ccc(OCCCCN3CCN(c4cccc(Cl)c4Cl)CC3)cc2N1,'=',25.0,ng/g,5.575503467963157e-05,0
330.43,C[C@@H]1CCCN1CCc1cc2cc(-c3ccc(C#N)cc3)ccc2o1,'=',1728.0,ng/g,0.005229549375056744,0
531.02,Cc1cc(C2CCN(C(=O)[C@@H]3C[C@@](C)(N)C[C@H]3c3ccc(F)cc3F)CC2)n(-c2ccc(F)c(Cl)c2)n1,'=',39.0,nM,0.039,0
464.83,CNCCCOc1cc(F)c(-c2c(Cl)nc3ncnn3c2N[C@@H](C)C(F)(F)F)c(F)c1,'=',92.0,nM,0.092,0
463.8,Cc1c(C(=O)NN2CCCCC2)nn(-c2ccc(Cl)cc2Cl)c1-c1ccc(Cl)cc1,'=',113.0,ng/g,0.00024363949978438982,0
362.79,C[C@@]1(c2cc(NC(=O)c3ccc(Cl)cn3)ccc2F)CCOC(N)=N1,'=',363.0,ng/g,0.001000578847267014,0
396.9,CC(C)(C)OC(=O)CN(Cc1ccc(Cl)cc1)Cc1ccc([N+](=O)[O-])s1,'=',0.35,uM,0.35,0
924.09,C[C@@H]1[C@H](O)[C@@H](C)/C=C/C=C/C=C/C=C/C=C/C=C/C=C/[C@H](O[C@@H]2O[C@H](C)[C@@H](O)[C@H](N)[C@@H]2O)C[C@@H]2O[C@](O)(C[C@@H](O)C[C@@H](O)[C@H](O)CC[C@@H](O)C[C@@H](O)CC(=O)O[C@H]1C)C[C@H](O)[C@H]2C(=O)O,'=',5.71,ug/g,0.006179051823956541,0
280.17,Cl.NC[C@H]1C[C@@H]1c1cc(Cl)ccc1OCCF,'=',13350.0,ng/g,0.047649641289217254,0
382.39,CN1C(=O)[C@]2(N=C1N)c1cc(-c3cccnc3F)ccc1O[C@H]1CCCO[C@@H]12,'=',1.6,nM,0.0016,0
560.65,COC[C@@H](Oc1cc(C[C@@H]2C[S@@+]([O-])C[C@H](NCc3cccc(C(C)(C)C)c3)[C@H]2O)cc(F)c1N)C(F)(F)F,'=',0.1,nmol/g,0.0001,0
528.51,COc1cc(-c2cn([C@H]3CCc4c(F)cccc4N(CC(F)(F)F)C3=O)nn2)ccc1-n1cc(C)nc1C,'=',0.54,uM,0.54,0
336.44,CN1C(=O)[C@@H](CN2CCCCC2)C[C@H]1C#Cc1ccc2occc2c1,'=',6533.0,pmol/g,0.006533,0
296.41,CN1C(=O)[C@@H](CN2CCCCC2)C[C@H]1C#Cc1ccccc1,'=',239.0,pmol/g,0.000239,0
459.9,COc1ccc(CN([C@@H]2CC(F)(F)CCNC2=O)S(=O)(=O)c2ccc(Cl)cc2)cn1,'=',60.0,ng/g,0.0001304631441617743,0
552.64,CCC(NC(=O)[C@H](CC(C)C)NC(=O)OCc1ccccc1)C(=O)C(=O)NCCCn1cnc2c(N)ncnc21,'=',1.17,ug/g,0.0021171105964099594,0
371.35,C[C@]1(c2cc(NC(=O)c3ccc(C#N)cn3)ccc2F)N=C(N)CO[C@@H]1F,'=',98.0,ng/g,0.0002639019792648445,0
422.93,COc1ccc(CN([C@@H]2CCCCNC2=O)S(=O)(=O)c2ccc(Cl)cc2)cc1,'=',2200.0,nM,2.2,1
411.89,Nc1nc(N)c2c(OCC3CCN(C(=O)c4ccccc4Cl)CC3)cccc2n1,'=',9.0,ng/g,2.1850494063949114e-05,0
383.88,Cc1cccc(C(=O)N[C@H]2CCC[C@]3(CN=C(c4cccc(Cl)c4)O3)C2)n1,'=',910.0,nM,0.91,0
402.9,CCC(=O)c1cc(-c2ccc(Cl)cc2)n(-c2ccc(S(N)(=O)=O)cc2)c1C,'=',2.0,ng/g,4.964010920824026e-06,0
451.78,C[C@H](Nc1c(-c2c(F)cc(OCCCO)cc2F)c(Cl)nc2ncnn12)C(F)(F)F,'=',78.0,nM,0.078,0
340.21,Cl.O=c1[nH]nc2c(NCCCc3ccncc3)cc(Cl)cn12,'=',106.8,ng/g,0.00031392375297610304,0
410.49,Cc1nc2n(c(=O)c1CCN1CCC(c3noc4cc(F)ccc34)CC1)CCCC2,'=',149.0,ng/g,0.0003629808277911764,0
362.84,CC(C)NC(=O)c1nn(-c2ccc(Cl)cc2)c(=O)c2c(N)scc12,'=',1100.0,ng/g,0.0030316392900451993,0
461.39,O=C(NCCC(O)CN1CCN(c2cccc(Cl)c2Cl)CC1)c1cc2ccccc2[nH]1,'=',28928.0,ng/g,0.06269750102949782,0
440.63,CC(=O)N[C@@H](Cc1ccccc1)[C@H](O)CNC1CC(C)(C)Cc2nn(CC(C)(C)C)cc21,'=',0.068,uM,0.068,0
389.5,COc1cc(Nc2cccc3c2nc(CC(C)C)n3C)ccc1-n1cnc(C)c1,'=',10.8,uM,10.8,1
409.49,COc1cc(Nc2cccn3c(C)c(-c4ccccc4)nc23)ccc1-n1cnc(C)c1,'=',5.4,uM,5.4,1
328.72,O=C(Nc1cncc(Oc2cncnc2)n1)c1cc(Cl)ccn1,'=',2.8,uM,2.8,1
422.88,NC(=O)c1ccccc1Nc1nc(Nc2ccc(N3CCCC3=O)cc2)ncc1Cl,'=',0.015,uM,0.015,0
206.28,CC(C)Cc1ccc([C@H](C)C(=O)O)cc1,'=',1256.97,ng/g,0.006093513670738802,0
516.6,CC(C)(C)c1cccc(CN[C@H]2C[S@+]([O-])C[C@@H](Cc3cc(F)c(N)c(OCC(F)(F)F)c3)[C@@H]2O)c1,'=',1.3,nmol/g,0.0013,0
306.14,Cl.O=C(O)c1cc([C@H]2CCN[C@@H]2C(=O)O)ccc1Cl,'=',5.0,pmol/g,5e-06,0
568.45,COc1cc(-c2cn([C@H]3CCc4c(F)cccc4N(CC(F)(F)F)C3=O)nn2)ccc1-n1cnc(C(F)(F)F)c1,'=',0.87,uM,0.87,0
402.9,CCC(=O)c1cc(-c2ccc(Cl)cc2)n(-c2ccc(S(N)(=O)=O)cc2)c1C,'=',140.0,ng/g,0.00034748076445768184,0
527.15,Cc1ccc(N2CCN(C(=O)[C@H](C)Cc3ccc(Cl)cc3)CC2)c([C@@H](NC(=O)CCN(C)C)C(C)C)c1,'=',2.0,ng/ml,3.7939865313478137e-06,0
206.28,CC(C)Cc1ccc([C@H](C)C(=O)O)cc1,'=',339.85,ng/g,0.0016475179367849526,0
502.55,Fc1cc(-c2cc[nH]/c(=N/c3ccc(-n4cnc(N5CCOCC5)n4)cc3)n2)cc(N2CCOCC2)c1,'=',4.5,uM,4.5,1
545.05,CN(C)[C@]1(C)C[C@H](C(=O)N2CCC(c3ccnn3-c3ccc(F)c(Cl)c3)CC2)[C@@H](c2ccc(F)cc2F)C1,'=',26.0,nM,0.026,0
407.9,CCCCn1ccc(-c2ccc(Oc3ccc(C)nc3C)c(Cl)c2)c(C#N)c1=O,'=',281.0,ng/g,0.0006888943368472666,0
661.97,CCO[C@@H]([C@H]1C[C@@H](C)[C@H]2[C@H](O1)[C@H](O)[C@@]1(C)[C@@H]3CC[C@H]4C(C)(C)[C@@H](O[C@H]5CN(CCOC)CCO5)CC[C@@]45C[C@@]35CC[C@]21C)C(C)(C)O,'=',23.0,uM,23.0,1
450.51,c1cncc(-c2ccc3cnc(Nc4ccc(-n5cnc(N6CCOCC6)n5)cc4)nc3c2)c1,'=',8.1,uM,8.1,1
356.39,Cc1ccc(-c2cccc3cnc(Nc4ccc5c(c4)OCO5)nc23)cn1,'=',1.06,uM,1.06,0
425.49,Cc1ccc(-c2cccc3cnc(Nc4ccc(C(=O)N5CCOCC5)cc4)nc23)cn1,'=',0.0,uM,0.0,0
521.51,Cn1cc(-c2ccc3cnc(Nc4ccc(-n5cnc(N6CCOCC6)n5)cc4)nc3c2C(F)(F)F)cn1,'=',5.6,uM,5.6,1
263.38,CN(C)CC(c1ccc(O)cc1)C1(O)CCCCC1,'=',40.0,ng/g,0.0001518718201837649,0
429.9,C#Cc1cccc(Nc2ncnc3cc(OCCOC)c(OCCOC)cc23)c1.Cl,'=',12.0,ng/g,2.7913468248429866e-05,0
382.46,CC[C@H](NC(=O)c1c(O)c(-c2ccccc2)nc2ccccc12)c1ccccc1,'=',340.0,ng/g,0.0008889818543115621,0
414.44,COc1cc(Nc2cccc3oc(-c4ccc(F)cc4)nc23)ccc1-n1cnc(C)c1,'=',11.6,uM,11.6,1
499.35,CC(C)(O)C(=O)c1oc2nc(-c3ccccc3Cl)c(-c3ccc(Cl)cc3)cc2c1NC(=O)CO,'=',6.5,uM,6.5,1
139.13,NN[14C](=O)c1ccncc1,'=',4.4,ug/g,0.03162509882843384,0
407.49,Cc1nc2cccc(F)c2c(=O)n1-c1ccc(OC2CCN(C3CCC3)CC2)cc1,'=',0.26,nmol/g,0.00026000000000000003,0
377.42,CCCCn1ccc(-c2ccc(Oc3ccnc(C)c3)c(F)c2)c(C#N)c1=O,'=',1117.0,ng/g,0.002959567590482751,0
359.43,CCCCn1ccc(-c2ccc(Oc3ccnc(C)c3)cc2)c(C#N)c1=O,'=',592.0,ng/g,0.0016470522772167042,0
377.42,CCCCn1ccc(-c2ccc(Oc3ccnc(C)c3)c(F)c2)c(C#N)c1=O,'=',1018.0,ng/g,0.00269726034656351,0
547.57,CC(C)[C@H](NC(=O)CCN(C)C)c1cc(Cl)ccc1N1CCN(C(=O)[C@H](C)Cc2ccc(Cl)cc2)CC1,'=',580.0,ng/g,0.001059225304527275,0
549.54,COc1cc(Cl)ccc1C[C@@H](C)C(=O)N1CCN(c2ccc(Cl)cc2[C@@H](NC(=O)[C@@H](C)N)C(C)C)CC1,'=',95.0,ng/g,0.00017287185646176802,0
531.12,CC(C)[C@H](NC(=O)CCN(C)C)c1cccc(F)c1N1CCN(C(=O)[C@H](C)Cc2ccc(Cl)cc2)CC1,'=',322.0,ng/g,0.0006062660039162524,0
363.83,CC(C)OC(=O)c1nn(-c2ccc(Cl)cc2)c(=O)c2c(N)scc12,'=',436.0,ng/g,0.0011983618723029987,0
348.82,CN(C)C(=O)c1nn(-c2ccc(Cl)cc2)c(=O)c2c(N)scc12,'=',14.0,ng/g,4.013531334212488e-05,0
453.51,Cn1cc(-c2cccc3cnc(Nc4ccc(-n5cnc(N6CCOCC6)n5)cc4)nc23)cn1,'=',0.23,uM,0.23,0
497.53,COc1ccc(-c2cccc3cnc(Nc4ccc(-n5cnc(N6CCOCC6)n5)cc4)nc23)cc1F,'=',1.5,uM,1.5,0
1285.41,CC(C)C[C@H](NC(=O)[C@@H](N)CCC(=O)O)C(=O)N[C@@H](CC(=O)O)C(=O)N[C@@H](CC(C)C)[C@@H](O)C[C@@H](C)C(=O)N[C@H](C(=O)N[C@@H](Cc1ccccc1)C(=O)N[C@@H](Cc1ccc(O)cc1)C(=O)N[C@@H](C)C(=O)N[C@@H](CCC(=O)O)C(=O)N[C@@H](CC(=O)O)C(=O)O)C(C)C,'=',20.0,nM,0.02,0
426.46,CC1CN(C(=O)CO/N=C/c2ccc(OC(F)F)c(OC3CCCC3)c2)CC(C)O1,'=',790.0,ng/g,0.0018524597852084604,0
180.16,CC(=O)Oc1ccccc1C(=O)O,'=',24.06,ng/ml,0.00013354795737122556,0
454.45,COc1cc(NCc2ccc(O)cc2)c2nccc(C)c2c1Oc1cccc(C(F)(F)F)c1,'=',24.4,uM,24.4,1
382.39,CN1C(=O)[C@]2(N=C1N)c1cc(-c3cccnc3F)ccc1O[C@H]1CCOC[C@@H]12,'=',11.0,nM,0.011,0
516.6,CC(C)(C)c1cccc(CN[C@H]2C[S@+]([O-])C[C@@H](Cc3cc(F)c(N)c(OCC(F)(F)F)c3)[C@@H]2O)c1,'=',0.7,nmol/g,0.0007,0
377.51,Cc1ccc(-c2ccc([C@H](CO)NC(=O)[C@H]3C[C@@H]3c3cccs3)cc2)cc1,'=',695.0,nM,0.695,0
751.01,CC[C@@H](C(=O)[C@@H](C)[C@@H](O)[C@H](C)[C@@H]1O[C@@H]([C@@H](CC)C(=O)O)CC[C@@H]1C)[C@H]1O[C@]2(C=C[C@@H](O)[C@]3(CC[C@@](C)([C@H]4CC[C@](O)(CC)[C@H](C)O4)O3)O2)[C@H](C)C[C@@H]1C,'=',9.2,ng/g,1.2250169771374547e-05,0
751.01,CC[C@@H](C(=O)[C@@H](C)[C@@H](O)[C@H](C)[C@@H]1O[C@@H]([C@@H](CC)C(=O)O)CC[C@@H]1C)[C@H]1O[C@]2(C=C[C@@H](O)[C@]3(CC[C@@](C)([C@H]4CC[C@](O)(CC)[C@H](C)O4)O3)O2)[C@H](C)C[C@@H]1C,'=',53.2,ng/g,7.083793824316589e-05,0
260.34,OCCCCC#Cc1cncc(OC[C@@H]2CCN2)c1,'=',10.0,ng/g,3.8411308289160336e-05,0
499.35,CC(C)(O)C(=O)c1oc2nc(-c3ccccc3Cl)c(-c3ccc(Cl)cc3)cc2c1NC(=O)CO,'=',2.3,uM,2.3,1
372.49,Cc1cc(N)nc(C[C@@H]2CNC[C@@H]2OCCNCCc2cccc(F)c2)c1,'=',73.0,nM,0.073,0
516.46,COc1cc(-c2cn([C@H]3CCc4c(F)cccc4N(CC(F)(F)F)C3=O)nn2)ccc1-c1nnc(C)o1,'=',4.6,uM,4.6,1
437.95,CCOC(=O)N1CCC(CN(Cc2ccc(Cl)cc2)Cc2ccc([N+](=O)[O-])s2)C1,'=',8.7,uM,8.7,1
396.9,CC(C)(C)OC(=O)CN(Cc1ccc(Cl)cc1)Cc1ccc([N+](=O)[O-])s1,'=',0.35,uM,0.35,0
429.9,C#Cc1cccc(Nc2ncnc3cc(OCCOC)c(OCCOC)cc23)c1.Cl,'=',34.0,ng/g,7.908816003721796e-05,0
617.87,CC(=O)O[C@@H]([C@H]1C[C@@H](C)[C@H]2[C@H](O1)[C@H](O)[C@@]1(C)[C@@H]3CC[C@H]4C(C)(C)[C@@H](O[C@H]5CNCCO5)CC[C@@]45C[C@@]35CC[C@]21C)C(C)(C)O,'=',116.0,ng/g,0.00018774175797497855,0
397.24,C[C@@]1(c2cc(NC(=O)c3ncc(Cl)cc3Cl)ccc2F)CCOC(N)=N1,'=',306.0,ng/g,0.0007703151747054677,0
807.0,CCCC[C@H](OC(=O)CN1CCN(C)CC1)c1ccccc1C(=O)O[C@H]1CO[C@H]2[C@@H]1OC[C@H]2OC(=O)c1ccccc1[C@H](CCCC)OC(=O)CN1CCN(C)CC1,'=',260.2,ng/ml,0.0003224287484510533,0
491.69,C/C1=C/C[C@@H](/C(C)=C/c2csc(C)n2)OC(=O)C[C@H](O)C(C)(C)C(=O)[C@H](C)[C@@H](O)[C@@H](C)CCC1,'=',161.0,nM,0.161,0
395.52,CCC1(CCCCN2CCN(c3ccc(F)cc3)CC2)C(=O)Nc2ccccc21,'=',62.0,nM,0.062,0
395.52,CCC1(CCCCN2CCN(c3ccc(F)cc3)CC2)C(=O)Nc2ccccc21,'=',431.0,nM,0.431,0
252.22,O=c1[nH]nc(CCc2cc(F)cc(F)c2)cc1O,'=',460.0,ng/ml,0.0018238046150186344,0
206.28,CC(C)Cc1ccc([C@H](C)C(=O)O)cc1,'=',1131.67,ng/g,0.005486086872212527,0
527.6,CC(C)CC(C(=O)O)c1ccc(C(c2ccc(F)cc2)N2CCCCC2)c(-c2ccc(C(F)(F)F)cc2)c1,'=',5.7,uM,5.7,1
206.28,CC(C)Cc1ccc(C(C)C(=O)O)cc1,'=',52.51,ng/ml,0.0002545569129338763,0
470.23,C[C@H](Nc1c(-c2c(F)cc(OCCCCl)cc2F)c(Cl)nc2ncnn12)C(F)(F)F,'=',160.0,nM,0.16,0
259.09,O=c1cc(COc2cc(Cl)cc(Cl)c2)[nH][nH]1,'=',194.0,uM,194.0,1
411.98,CCC1(CCCCN2CCN(c3cccc(Cl)c3)CC2)C(=O)Nc2ccccc21,'=',65.0,nM,0.065,0
573.73,COCc1cc2cc(n1)OCCCCOc1cccc(c1)C[C@@H]([C@H](O)CNC1(c3cccc(C(C)C)c3)CC1)NC2=O,'=',0.54,uM,0.54,0
382.43,CC1(C)OCCn2c1nc1c(N3CCOCC3)nc(-c3cnc(N)nc3)nc12,'=',2.46,uM,2.46,1
328.72,O=C(Nc1cncc(Oc2cncnc2)n1)c1cc(Cl)ccn1,'=',6.21,uM,6.21,1
382.39,CN1C(=O)[C@]2(N=C1N)c1cc(-c3cccnc3F)ccc1O[C@H]1CCOC[C@@H]12,'=',8.4,nM,0.008400000000000001,0
296.41,CN1C(=O)[C@@H](CN2CCCCC2)C[C@H]1C#Cc1ccccc1,'=',64.0,pmol/g,6.4e-05,0
264.07,C[n+]1ccccc1C=NO.[I-],'=',0.398,mg%,15.071761275419398,1
412.55,COc1ccc(C2CN(C)Cc3cc(OCCCN4CCC(F)CC4)ccc32)cc1,'=',2.5,uM,2.5,1
684.81,COC[C@H]1CCCN1C(=O)c1cc(C)cc(C(=O)N[C@@H](Cc2cc(F)cc(F)c2)[C@H](O)[C@H]2CN(S(=O)(=O)c3cccc(C)c3)CCN2)c1,'=',657.0,ng/g,0.0009593901958207387,0
429.97,CCC1(CCCCN2CCN(c3ccc(Cl)cc3)CC2)C(=O)Nc2ccc(F)cc21,'=',51.0,nM,0.051,0
351.95,CCCCCCCCCCn1c(-c2cccc(Cl)c2)n[nH]c1=S,'=',0.7029,uM,0.7029,0
389.42,COc1nc(C2=NOC[C@H](c3cc4ccccc4o3)N2)ccc1-n1cnc(C)c1,'=',29.8,uM,29.8,1
367.41,CN1CCN(C)/C(=N/c2ccc([N+](=O)[O-])cc2C(=O)Nc2ccccc2)C1,'=',0.35,uM,0.35,0
592.59,CC(C)C[C@H](NCCN)c1cccc(F)c1N1CCN(C(=O)[C@@H](Cc2ccc(Cl)cc2Cl)N2CCCC2=O)CC1,'=',63.0,ng/g,0.0001063129651192224,0
405.5,COc1ccnc(N2CCC3(CCCN(Cc4c[nH]c5ccccc45)C3=O)CC2)n1,'=',8778.0,pmol/g,0.008778,0
263.38,CN(C)CC(c1ccc(O)cc1)C1(O)CCCCC1,'=',10.0,ng/g,3.796795504594123e-05,0
405.31,Br.CN(C)CCCC1(c2ccc(F)cc2)OCc2cc(C#N)ccc21,'=',191.0,ng/g,0.0004712442328094545,0
545.49,Cc1c(P(=S)(c2ccccc2)c2ccccc2)n2ccccc2[n+]1C/C=C/c1ccccc1.[Br-],'=',93.0,nmol/g,0.093,0
545.49,Cc1c(P(=S)(c2ccccc2)c2ccccc2)n2ccccc2[n+]1C/C=C/c1ccccc1.[Br-],'=',57.0,nmol/g,0.057,0
208.2,NC1=NC(c2ccc(F)cc2)NC(=O)N1,'=',0.62,uM,0.62,0
390.48,COc1ccc(/C=N/OCC(=O)N2CC(C)OC(C)C2)cc1OC1CCCC1,'=',3.29,ng/g,8.425527555828724e-06,0
600.6,CC(C)(C)c1cccc(CN[C@H]2CS(=O)(=O)C[C@@H](Cc3cc(F)c(N)c(OC(C(F)(F)F)C(F)(F)F)c3)[C@@H]2O)c1,'=',0.15,nmol/g,0.00015,0
260.34,OCCCCC#Cc1cncc(OC[C@@H]2CCN2)c1,'=',3.0,ng/g,1.15233924867481e-05,0
206.28,CC(C)Cc1ccc([C@H](C)C(=O)O)cc1,'=',1344.34,ng/g,0.006517064184603451,0
532.76,C=C/C=C\[C@H](C)[C@@H]1OC(=O)/C=C\C=C\[C@@H](C)[C@@H](O)C[C@H](O)/C=C\[C@H](C)[C@H](O)[C@@H](C)C[C@@H](C)CC[C@@H](O)[C@@H]1C,'=',383.0,nM,0.383,0
470.38,C[C@H](CCCn1cnnn1)N(c1cc(Cl)ccc1CO)S(=O)(=O)c1ccc(Cl)cc1,'=',1155.0,nM,1.155,0
545.49,Cc1c(P(=S)(c2ccccc2)c2ccccc2)n2ccccc2[n+]1C/C=C/c1ccccc1.[Br-],'=',60.0,nmol/g,0.06,0
545.49,Cc1c(P(=S)(c2ccccc2)c2ccccc2)n2ccccc2[n+]1C/C=C/c1ccccc1.[Br-],'=',44.0,nmol/g,0.044,0
545.49,Cc1c(P(=S)(c2ccccc2)c2ccccc2)n2ccccc2[n+]1C/C=C/c1ccccc1.[Br-],'=',30.0,nmol/g,0.03,0
405.9,O=S(=O)(Nc1nccs1)c1cc(Cl)c(NC[C@H]2CCCOC2)cc1F,'<',25.0,nM,0.025,0
450.93,Cc1ccc(-n2nccn2)c(C(=O)N2CCN(c3nc4cc(Cl)ccc4o3)CC[C@H]2C)c1,'=',10329.0,pmol/g,0.010329,0
397.48,COc1cc(C(=O)NCc2cccc(-c3ccccc3)c2)ccc1-n1cnc(C)c1,'=',2.7,uM,2.7,1
395.38,O=C(Nc1ccc2sc(-c3ccc(F)c(F)c3)nc2c1)N1CCC(F)(F)C1,'=',21.7,uM,21.7,1
402.47,CN(C)C1CCN(C(=O)Nc2ccc3sc(-c4ccc(F)c(F)c4)nc3c2)C1,'=',3.0,uM,3.0,1
293.41,C/C1=C\CC[C@@]2(C)O[C@H]2[C@H]2OC(=O)[C@@H](CN(C)C)[C@@H]2CC1,'=',2402.0,ng/g,0.008186496711086875,0
445.49,O=C(NCc1ccc(F)cc1)N1CCN2C(=O)OC(c3ccccc3)(c3ccccc3)C2C1,'=',6.0,uM,6.0,1
474.91,FC(F)(F)Oc1ccc(CN2CCC3(CC2)OC(c2cc(Cl)ccn2)c2ccccc23)cc1,'=',0.82,uM,0.82,0
360.44,O=C(O)C1CCN(c2ncc(-c3ccc4c(c3)OCCCO4)s2)CC1,'=',1.23,umol/Kg,0.00123,0
526.04,COc1cc(Cl)ccc1CC(C)C(=O)N1CCN(c2ccc(C(F)(F)F)cc2[C@@H](N)CC(C)C)CC1,'=',122.0,ng/g,0.0002319215268800852,0
573.49,CC(C)C[C@H](NC(=O)CN)c1cc(C(F)(F)F)ccc1N1CCN(C(=O)CCc2ccc(Cl)cc2Cl)CC1,'=',43.0,ng/g,7.497951141257912e-05,0
320.37,C[C@@]1(c2cc(-c3cncnc3)c(F)cc2F)CCSC(N)=N1,'=',1.46,ug/g,0.0045572307020008114,0
313.87,COc1ccc(C(CN(C)C)C2(O)CCCCC2)cc1.Cl,'=',403.0,ng/g,0.001283971070825501,0
377.83,CNc1nc(Nc2ccc(C(=O)N3CCOCC3)cc2OC)ncc1Cl,'=',6.2,uM,6.2,1
395.23,Ic1cccc(CSc2nnc(-c3ccncc3)o2)c1,'=',0.077,uM,0.077,0
180.16,CC(=O)Oc1ccccc1C(=O)O,'=',7.37,ng/ml,4.0908081705150975e-05,0
700.79,CC[C@@H]([C@H](C)O)n1ncn(-c2ccc(N3CCN(c4ccc(OC[C@@H]5CO[C@@](Cn6cncn6)(c6ccc(F)cc6F)C5)cc4)CC3)cc2)c1=O,'=',2.84,ug/g,0.004052569243282581,0
461.39,O=C(NCCC(O)CN1CCN(c2cccc(Cl)c2Cl)CC1)c1cc2ccccc2[nH]1,'=',2979.0,ng/g,0.006456576865558421,0
219.31,Cc1ncsc1C(CO)c1ccccc1,'=',32.9,ng/ml,0.00015001595914458985,0
429.9,C#Cc1cccc(Nc2ncnc3cc(OCCOC)c(OCCOC)cc23)c1.Cl,'=',4.9,ng/g,1.139799953477553e-05,0
398.78,Cc1ccoc1C(=O)Nc1ccc(N2C(=O)c3cccc(F)c3C2=O)c(Cl)c1,'=',9.2,uM,9.2,1
206.28,CC(C)Cc1ccc([C@H](C)C(=O)O)cc1,'=',43.06,ng/g,0.00020874539460926896,0
206.28,CC(C)Cc1ccc([C@H](C)C(=O)O)cc1,'=',720.99,ng/g,0.0034952006980802793,0
514.48,COc1cc(-c2cn([C@H]3CCc4c(F)cccc4N(CC(F)(F)F)C3=O)nn2)ccc1-n1cnc(C)c1,'=',1.6,uM,1.6,0
807.0,CCCC[C@H](OC(=O)CN1CCN(C)CC1)c1ccccc1C(=O)O[C@H]1CO[C@H]2[C@@H]1OC[C@H]2OC(=O)c1ccccc1[C@H](CCCC)OC(=O)CN1CCN(C)CC1,'=',16.7,ng/ml,2.0693928128872365e-05,0
359.4,O=C(Nc1ccc2sc(-c3cccc(F)c3F)nc2c1)N1CCCC1,'=',2.31,uM,2.31,1
683.97,CC(C)[C@@H](OC(=O)N1CCC1)[C@H]1C[C@@H](C)[C@H]2[C@H](O1)[C@H](O)[C@@]1(C)[C@@H]3CC[C@H]4C(C)(C)[C@@H](OC(=O)N5CCN(C)CC5)CC[C@@]45C[C@@]35CC[C@]21C,'=',14.0,nM,0.014,0
683.97,CC(C)[C@@H](OC(=O)N1CCC1)[C@H]1C[C@@H](C)[C@H]2[C@H](O1)[C@H](O)[C@@]1(C)[C@@H]3CC[C@H]4C(C)(C)[C@@H](OC(=O)N(C)C5CN(C)C5)CC[C@@]45C[C@@]35CC[C@]21C,'=',11.0,nM,0.011,0
659.95,CCO[C@@H]([C@H]1C[C@@H](C)[C@H]2[C@H](O1)[C@H](O)[C@@]1(C)[C@@H]3CC[C@H]4C(C)(C)[C@@H](O[C@H]5CN(C6COC6)CCO5)CC[C@@]45C[C@@]35CC[C@]21C)C(C)(C)O,'=',12.0,nM,0.012,0
530.51,COCCCc1cc(CN(C(=O)[C@H]2CNCC[C@@H]2c2ccn(C)c(=O)c2)C2CC2)cc(Br)c1C,'=',239.0,nM,0.239,0
428.47,COc1nc(Nc2cccc3c2nc(-c2ccc(F)cc2)n3C)ccc1-n1cnc(C)c1,'=',1.9,uM,1.9,0
489.58,COc1cc([C@H]2CCN(CCO)C[C@@H]2O)ccc1Nc1ncc2ccc(-c3ccccc3OC)n2n1,'=',1217.0,ng/g,0.0024858041586666123,0
489.58,COc1cc([C@H]2CCN(CCO)C[C@@H]2O)ccc1Nc1ncc2ccc(-c3ccccc3OC)n2n1,'=',16080.0,ng/g,0.032844478941133216,0
421.55,CN1CCN(Cc2ccc(-c3cnc4[nH]cc(-c5ccc6[nH]ccc6c5)c4c3)cc2)CC1,'=',950.0,ng/g,0.0022535879492349663,0
378.32,O[C@@H](c1cc(C(F)(F)F)nc2c(C(F)(F)F)cccc12)[C@H]1CCCCN1,'=',1400.0,ng/ml,0.0037005709452315504,0
573.95,ClC(Cn1ncc2c(Nc3cccc(Br)c3)nc(SCCN3CCOCC3)nc21)c1ccccc1,'=',2.7,nmol/g,0.0027,0
600.6,CC(C)(C)c1cccc(CN[C@H]2CS(=O)(=O)C[C@@H](Cc3cc(F)c(N)c(OC(C(F)(F)F)C(F)(F)F)c3)[C@@H]2O)c1,'=',1.5,nmol/g,0.0015,0
372.88,NC1=N[C@@]2(c3cccc(NC(=O)c4ccc(Cl)cn4)c3)C[C@H]2CCS1,'<',26.0,ng/g,6.972752628191375e-05,0
395.69,C[C@H](Nc1c(-c2c(F)cc(F)cc2F)c(Cl)nc2ncnn12)C(F)(F)F,'=',2400.0,nM,2.4,1
429.9,C#Cc1cccc(Nc2ncnc3cc(OCCOC)c(OCCOC)cc23)c1.Cl,'=',4.3,ng/g,1.0002326122354035e-05,0
461.39,O=C(NCCC(O)CN1CCN(c2cccc(Cl)c2Cl)CC1)c1cc2ccccc2[nH]1,'=',17798.0,ng/g,0.038574741541862634,0
530.51,COCCCc1cc(CN(C(=O)[C@H]2CNCC[C@@H]2c2ccn(C)c(=O)c2)C2CC2)cc(Br)c1C,'=',8.0,nM,0.008,0
532.76,C=C/C=C\[C@H](C)[C@@H]1OC(=O)/C=C\C=C\[C@@H](C)[C@@H](O)C[C@H](O)/C=C\[C@H](C)[C@H](O)[C@@H](C)C[C@@H](C)CC[C@@H](O)[C@@H]1C,'=',412.0,nM,0.412,0
360.44,O=C(O)C1CCN(c2ncc(-c3ccc4c(c3)OCCCO4)s2)CC1,'=',0.59,umol/Kg,0.0005899999999999999,0
437.95,CCOC(=O)N1CCC(CN(Cc2ccc(Cl)cc2)Cc2ccc([N+](=O)[O-])s2)C1,'=',0.53,uM,0.53,0
489.58,COc1cc([C@H]2CCN(CCO)C[C@@H]2O)ccc1Nc1ncc2ccc(-c3ccccc3OC)n2n1,'=',1956.0,ng/g,0.003995261244331876,0
381.45,Nc1nc(N)c2c(OCC3CCN(Cc4ccccc4F)CC3)cccc2n1,'=',1423.0,ng/g,0.0037305020317210643,0
672.99,CCO[C@@H]([C@H]1C[C@@H](C)[C@H]2[C@H](O1)[C@H](O)[C@@]1(C)[C@@H]3CC[C@H]4C(C)(C)[C@@H](O[C@H]5CN(C6CN(C)C6)CCO5)CC[C@@]45C[C@@]35CC[C@]21C)C(C)(C)O,'=',20.0,uM,20.0,1
428.47,COc1nc(Nc2cccc3c2nc(-c2ccc(F)cc2)n3C)ccc1-n1cnc(C)c1,'=',0.44,uM,0.44,0
700.79,CC[C@@H]([C@H](C)O)n1ncn(-c2ccc(N3CCN(c4ccc(OC[C@@H]5CO[C@@](Cn6cncn6)(c6ccc(F)cc6F)C5)cc4)CC3)cc2)c1=O,'=',2.02,ug/g,0.0028824612223347936,0
414.51,O=c1cc(OCc2ccccc2)ccn1-c1ccc2c(cnn2CCN2CCCC2)c1,'=',1377.0,ng/ml,0.003321994644278787,0
400.45,FC(F)(F)c1c(N2CCC(c3ccccc3)CC2)ccn2c(CC3CC3)nnc12,'=',849.0,ng/ml,0.0021201148707703835,0
453.51,Cn1cc(-c2ccc3cnc(Nc4ccc(-n5cnc(N6CCOCC6)n5)cc4)nc3c2)cn1,'=',7.17,uM,7.17,1
414.49,COC1(c2sc3c(N4CCOCC4)nc(-c4cnc(N)nc4)nc3c2C)COC1,'=',3.6,uM,3.6,1
345.47,CC(C)Oc1cccc(-c2cnc(N3CCC(C(N)=O)CC3)s2)c1,'=',0.4,umol/Kg,0.0004,0
360.44,O=C(O)C1CCN(c2ncc(-c3ccc4c(c3)OCCCO4)s2)CC1,'=',0.32,umol/Kg,0.00032,0
325.17,O=C(O)C1(c2ccc(-c3ccc(Cl)c(Cl)c3)c(F)c2)CC1,'=',20.0,uM,20.0,1
414.51,O=c1cc(OCc2ccccc2)ccn1-c1ccc2c(cnn2CCN2CCCC2)c1,'=',1485.0,ng/g,0.0035825432438300643,0
523.91,O=C(N1CC[C@](c2cc(F)ccc2F)(S(=O)(=O)c2ccc(Cl)cc2)[C@H](O)C1)C1(C(F)(F)F)CC1,'=',7.06,uM,7.06,1
334.4,Cc1ccc(Nc2nc(-c3cc(-c4ccccc4)no3)cs2)nc1,'=',25.0,uM,25.0,1
206.28,CC(C)Cc1ccc([C@H](C)C(=O)O)cc1,'=',612.98,ng/g,0.0029715920108590267,0
386.48,CNC(=O)c1ccccc1Sc1ccc2c(/C=C/c3ccccn3)n[nH]c2c1,'=',0.08,ug/g,0.00020699648105982198,0
386.48,CNC(=O)c1ccccc1Sc1ccc2c(/C=C/c3ccccn3)n[nH]c2c1,'=',0.64,ug/g,0.0016559718484785758,0
206.28,CC(C)Cc1ccc([C@H](C)C(=O)O)cc1,'=',597.82,ng/g,0.0028980996703509795,0
206.28,CC(C)Cc1ccc([C@H](C)C(=O)O)cc1,'=',999.25,ng/g,0.004844143882101998,0
530.51,COCCCc1cc(CN(C(=O)[C@H]2CNCC[C@@H]2c2ccn(C)c(=O)c2)C2CC2)cc(Br)c1C,'=',7.3,nM,0.0073,0
531.32,O=C(c1ccc(F)c(F)c1Nc1ccc(I)cc1F)N1CC(O)([C@@H]2CCCCN2)C1,'<',0.004,uM,0.004,0
386.48,CNC(=O)c1ccccc1Sc1ccc2c(/C=C/c3ccccn3)n[nH]c2c1,'=',1.98,ug/g,0.005123162906230594,0
410.49,Cc1nc2n(c(=O)c1CCN1CCC(c3noc4cc(F)ccc34)CC1)CCCC2,'=',21.0,ng/g,5.1158371702112104e-05,0
386.48,CNC(=O)c1ccccc1Sc1ccc2c(/C=C/c3ccccn3)n[nH]c2c1,'=',0.047,ug/g,0.00012161043262264541,0
700.79,CC[C@@H]([C@H](C)O)n1ncn(-c2ccc(N3CCN(c4ccc(OC[C@@H]5CO[C@@](Cn6cncn6)(c6ccc(F)cc6F)C5)cc4)CC3)cc2)c1=O,'=',6.73,ug/g,0.009603447537778793,0
545.49,Cc1c(P(=S)(c2ccccc2)c2ccccc2)n2ccccc2[n+]1C/C=C/c1ccccc1.[Br-],'=',52.0,nmol/g,0.052,0
293.41,C/C1=C\CC[C@@]2(C)O[C@H]2[C@H]2OC(=O)[C@@H](CN(C)C)[C@@H]2CC1,'=',113.0,ng/g,0.0003851266146348114,0
575.53,Cc1cc(C2CCN(C(=O)[C@@H]3CN(C(C)(C)C)C[C@H]3c3ccc(F)cc3F)CC2)n(-c2cc(Cl)ccc2Cl)n1,'=',698.0,nM,0.698,0
390.48,COc1ccc(/C=N/OCC(=O)N2CC(C)OC(C)C2)cc1OC1CCCC1,'=',84.2,ng/g,0.00021563204261421839,0
414.49,COC1(c2sc3c(N4CCOCC4)nc(-c4cnc(N)nc4)nc3c2C)COC1,'=',2.31,uM,2.31,1
386.48,COC(C)(C)c1cc2nc(-c3cnc(N)nc3)nc(N3CCOCC3)c2s1,'=',2.14,uM,2.14,1
465.56,CCc1cc2c(cc1-c1cnn(CC(=O)N(C)C)c1)C(C)(C)c1[nH]c3cc(C#N)ccc3c1C2=O,'=',0.04,uM,0.04,0
430.41,C[C@H](NC(=O)[C@@H](O)c1cc(F)cc(F)c1)C(=O)N[C@@H]1C(=O)N(C)N=Cc2ccccc21,'=',133.0,nM,0.133,0
421.55,CN1CCN(Cc2ccc(-c3cnc4[nH]cc(-c5ccc6[nH]ccc6c5)c4c3)cc2)CC1,'=',500.0,nM,0.5,0
610.6,CN(CC(=O)N(Cc1ccc(C2CCCCC2)cc1)c1ccc(C(=O)O)cc1)S(=O)(=O)c1c(F)c(F)c(F)c(F)c1F,'=',700.0,nM,0.7,0
465.56,CCc1cc2c(cc1-c1cnn(CC(=O)N(C)C)c1)C(C)(C)c1[nH]c3cc(C#N)ccc3c1C2=O,'=',0.004,uM,0.004,0
385.51,Cc1cc2ncc(-c3ccc4cc(CCN5CCC[C@H]5C)ccc4n3)c(C)n2n1,'=',174.0,ng/g,0.0004513501595289357,0
386.48,CNC(=O)c1ccccc1Sc1ccc2c(/C=C/c3ccccn3)n[nH]c2c1,'=',0.25,ug/g,0.0006468640033119436,0
606.64,CC(=O)N(C)C1(c2ccccc2)CCN(CCC[C@]2(c3ccc(Cl)c(Cl)c3)CCCN(C(=O)c3ccccc3)C2)CC1,'=',30.0,ng/g,4.9452723196624026e-05,0
420.51,COc1cc2nc(C3CC3)nc(N3CCN(c4ccccc4OC)CC3)c2cc1OC,'=',1506.0,ng/ml,0.0035813654847684953,0
386.48,COC(C)(C)c1cc2nc(-c3cnc(N)nc3)nc(N3CCOCC3)c2s1,'=',0.35,uM,0.35,0
705.65,CCC(C)n1ncn(-c2ccc(N3CCN(c4ccc(OCC5COC(Cn6cncn6)(c6ccc(Cl)cc6Cl)O5)cc4)CC3)cc2)c1=O,'=',6.88,ug/g,0.00974987600085028,0
465.56,CCc1cc2c(cc1-c1cnn(CC(=O)N(C)C)c1)C(C)(C)c1[nH]c3cc(C#N)ccc3c1C2=O,'=',0.004,uM,0.004,0
395.23,Ic1cccc(CSc2nnc(-c3ccncc3)o2)c1,'=',0.944,uM,0.944,0
463.8,Cc1c(C(=O)NN2CCCCC2)nn(-c2ccc(Cl)cc2Cl)c1-c1ccc(Cl)cc1,'=',1075.0,ng/g,0.0023178094006037083,0
390.48,COc1ccc(/C=N/OCC(=O)N2CC(C)OC(C)C2)cc1OC1CCCC1,'=',2.21,ng/g,5.659700880967015e-06,0
531.32,O=C(c1ccc(F)c(F)c1Nc1ccc(I)cc1F)N1CC(O)([C@@H]2CCCCN2)C1,'<',0.004,uM,0.004,0
362.79,C[C@@]1(c2cc(NC(=O)c3ccc(Cl)cn3)ccc2F)COCC(N)=N1,'=',51.0,ng/g,0.00014057719341767962,0
552.51,Cn1nc(C2CCN(CCC(=O)N3CCC[C@H]3c3nc4cc(Cl)c(Cl)cc4[nH]3)CC2)cc1-c1ccncc1,'=',10.0,nM,0.01,0
455.41,O=S(=O)(c1ccc(C(F)(F)F)cc1)N1c2cc(F)c(F)cc2-c2n[nH]cc2[C@H]1C1CC1,'=',0.52,uM,0.52,0
489.58,COc1cc([C@H]2CCN(CCO)C[C@@H]2O)ccc1Nc1ncc2ccc(-c3ccccc3OC)n2n1,'=',3150.0,ng/g,0.006434086359736918,0
344.37,Nc1scc2c(C(=O)NC3CC3)nn(-c3ccc(F)cc3)c(=O)c12,'=',670.0,ng/g,0.0019455817870313906,0
390.48,COc1ccc(/C=N/OCC(=O)N2CC(C)OC(C)C2)cc1OC1CCCC1,'=',1.19,ng/g,3.047531243597623e-06,0
348.49,C=C(c1ccc(C(=O)O)cc1)c1cc2c(cc1C)C(C)(C)CCC2(C)C,'=',1960.0,ng/ml,0.00562426468478292,0
491.69,C/C1=C/C[C@@H](/C(C)=C/c2csc(C)n2)OC(=O)C[C@H](O)C(C)(C)C(=O)[C@H](C)[C@@H](O)[C@@H](C)CCC1,'=',111.0,nM,0.111,0
465.56,CCc1cc2c(cc1-c1cnn(CC(=O)N(C)C)c1)C(C)(C)c1[nH]c3cc(C#N)ccc3c1C2=O,'=',0.03,uM,0.03,0
376.36,O=C1N[C@H](c2cncc(C#Cc3ccccc3)c2)[C@@H](c2cc(F)ccc2F)O1,'=',178.0,nM,0.178,0
344.37,Nc1scc2c(C(=O)NC3CC3)nn(-c3ccc(F)cc3)c(=O)c12,'=',139.0,nM,0.139,0
673.93,CC(=O)O[C@@H]([C@H]1C[C@@H](C)[C@H]2[C@H](O1)[C@H](O)[C@@]1(C)[C@@H]3CC[C@H]4C(C)(C)[C@@H](O[C@H]5CN(C6COC6)CCO5)CC[C@@]45C[C@@]35CC[C@]21C)C(C)(C)O,'=',103.0,ng/g,0.00015283486415503095,0
617.87,CC(=O)O[C@@H]([C@H]1C[C@@H](C)[C@H]2[C@H](O1)[C@H](O)[C@@]1(C)[C@@H]3CC[C@H]4C(C)(C)[C@@H](O[C@H]5CNCCO5)CC[C@@]45C[C@@]35CC[C@]21C)C(C)(C)O,'=',1336.0,ng/g,0.002162267143573891,0
617.87,CC(=O)O[C@@H]([C@H]1C[C@@H](C)[C@H]2[C@H](O1)[C@H](O)[C@@]1(C)[C@@H]3CC[C@H]4C(C)(C)[C@@H](O[C@H]5CNCCO5)CC[C@@]45C[C@@]35CC[C@]21C)C(C)(C)O,'=',2263.0,ng/g,0.0036625827439429005,0
